,Unnamed: 0,total_size_mean,total_size_sd,v_mean,v_sd,beta_mean,beta_sd,fd_v_mean,fd_v_sd,fd_beta_mean,fd_beta_sd,beta,v,N_samples,N,T,i0
0,0,334.8329,370.3728313167557,-1652.1462,16742.436269212685,548.0974597198859,1887.6624293827,-1462.3,6121.993024322962,565.04,3704.795588077018,2.0,0.01,10000,1000,10,1
11,11,388.0459,401.51987372132646,-1526.472,15489.740874651594,548.3457196062527,1968.265532275401,-1430.6,5747.8900010305,499.4,3560.5318954810496,2.1,0.01,10000,1000,10,1
22,22,437.68,425.6480431060385,-1488.4101,16155.805368517798,530.0963404425356,2035.6725953460848,-1513.48,7378.826397029527,529.12,5709.118621043262,2.2,0.01,10000,1000,10,1
33,33,482.7297,443.9189858948477,-1390.5081,15781.16062218469,487.4429976453306,2064.9876361944976,-1380.04,6603.040633902028,384.24,4031.169638611793,2.3,0.01,10000,1000,10,1
44,44,522.8398,456.7219223290688,-1545.7527,20907.238535762248,444.37066339250345,2074.187068395052,-1432.36,7899.391423957096,433.66,5971.40827410734,2.4,0.01,10000,1000,10,1
55,55,556.9073,465.54445019429664,-1419.3792,19883.20571201601,393.3521681248729,2056.757278745549,-1319.42,7970.0855133372925,281.32,4524.138132305867,2.5,0.01,10000,1000,10,1
66,66,585.459,470.37433998784417,-1453.6449,21077.73289091088,340.994658403276,2014.994520967796,-1447.84,9642.72459153298,234.42,4093.133596385999,2.6,0.01,10000,1000,10,1
77,77,608.2111,472.5742125177695,-1350.0486,22469.264643459068,277.22449886358714,1950.6114638287029,-1209.68,8305.237624222409,202.98,4701.752627199429,2.7,0.01,10000,1000,10,1
88,88,627.0278,471.8111215594224,-1231.3674,22124.06661722898,229.31925265087816,1889.669551740264,-1209.06,9025.283790061629,179.58,4924.556848043788,2.8,0.01,10000,1000,10,1
99,99,642.8278,469.5238127583733,-1109.6892,18788.560737759104,186.56410174191697,1792.836878656897,-1018.42,7340.955092204732,198.16,5505.582236056036,2.9,0.01,10000,1000,10,1
110,110,655.7167,466.39520091989584,-1048.1508,17584.090309511626,158.7631022052454,1668.49786222863,-909.5,5827.925378848132,155.38,5276.773018516988,3.0,0.01,10000,1000,10,1
121,121,666.9395,462.9979633213844,-1085.1138,18989.8234078086,128.16454093013616,1563.8393911680876,-1046.3,8110.987062072788,45.18,2798.0453308278147,3.1,0.01,10000,1000,10,1
132,132,678.7775,458.9273140637306,-1207.8909,22144.189049153767,120.14624390121756,1464.491099192184,-1101.78,8783.832899346413,23.92,1979.386680455104,3.2,0.01,10000,1000,10,1
143,143,688.3003,455.2910622007751,-991.008,16996.483554060716,105.14818441518727,1361.5142279002428,-985.2,7408.852412446001,112.22,4572.5666215103765,3.3,0.01,10000,1000,10,1
154,154,696.4484,451.9005055733397,-863.3358,10681.921264830084,88.81665591158479,1291.05147536807,-907.14,6020.9738608487,58.98,3243.864612674601,3.4000000000000004,0.01,10000,1000,10,1
165,165,705.3377,448.057361125459,-838.9602,10296.901909550728,73.14694317754059,1202.4290996418845,-974.52,7122.310825901246,87.0,3996.17065926792,3.5,0.01,10000,1000,10,1
176,176,712.8943,444.56984819880665,-1315.1835,24243.217321655928,70.26599678474173,1126.4961128828277,-1068.14,8190.727790775021,22.16,1987.6116306762344,3.6,0.01,10000,1000,10,1
187,187,719.3939,441.3960162289528,-823.8753,9902.93721284216,67.50651821750826,1056.9459695071869,-941.54,6432.829280935082,59.72,3425.723730820685,3.7,0.01,10000,1000,10,1
198,198,725.3944,438.3689756913005,-732.3669,465.0300024457642,66.23849251995182,1004.8164702577578,-928.3,6043.789196256342,99.04,4425.688392801172,3.8,0.01,10000,1000,10,1
209,209,733.9113,433.7888980049052,-1037.4615,17081.90258726228,59.689884244034616,957.70612894767,-1055.02,7890.538819363732,77.18,3856.8835609440266,3.9,0.01,10000,1000,10,1
220,220,740.1803,430.3186935190127,-1238.6601,22031.313339724333,56.82642137226487,897.5382313568211,-1100.16,8354.989201600192,60.34,3414.7224070649927,4.0,0.01,10000,1000,10,1
231,0,280.7702,329.0034486019257,-1258.1406,8945.470727417598,484.48435058254506,1634.860372534646,-1244.96,4014.939921425632,533.7,3330.121511435895,2.0,0.05,10000,1000,10,1
241,10,331.2937,362.3030580057392,-1357.7409,10383.476940635292,503.2401306674123,1730.30177968501,-1333.08,4747.842448353929,520.1,3239.6909651624146,2.1,0.05,10000,1000,10,1
251,20,379.7222,389.6838772994849,-1501.9965,14644.272686259932,501.56478425519055,1798.7481577799656,-1405.96,5554.714930956981,465.82,3600.85439067373,2.2,0.05,10000,1000,10,1
261,30,425.2319,410.9294571120328,-1321.5771,10156.866577391016,481.7413381626163,1847.7593701369497,-1455.32,7071.882694875883,441.8,4309.124924594504,2.3,0.05,10000,1000,10,1
271,40,465.6686,427.19946462283866,-1262.9358,7520.64993525315,442.522508221205,1871.6814611065147,-1376.78,6340.621198220087,380.56,4644.414618131603,2.4,0.05,10000,1000,10,1
281,50,502.1365,438.6675933639844,-1320.5781,16703.657533300884,405.5068874777161,1876.420782726777,-1392.66,7596.407615792251,448.24,6307.34263850601,2.5,0.05,10000,1000,10,1
291,60,533.8669,446.7406468907772,-1275.4233,15962.396634883811,360.4229133097887,1859.4286149456727,-1334.14,7653.029422806019,310.22,4855.244266902452,2.6,0.05,10000,1000,10,1
301,70,559.63,451.4560896698592,-1657.6407,24154.644247098197,313.753868377924,1826.422465629011,-1207.1,6560.920831576604,334.74,5832.306122956097,2.7,0.05,10000,1000,10,1
311,80,581.1732,453.61447463871787,-1166.0328,18260.95098294731,255.5111297033637,1767.4211256786075,-1204.8,8013.452595620082,229.16,5206.77143163344,2.8,0.05,10000,1000,10,1
321,90,599.2781,453.0326435924789,-933.066,13467.12830469516,215.59249005135,1716.440552814914,-1089.72,7228.535086277809,120.1,3243.977855848113,2.9,0.05,10000,1000,10,1
331,100,614.6956,450.9475920111338,-1389.1095,23269.69449966459,175.82800246047063,1635.3155846680702,-1110.56,8017.45573396228,125.2,4297.214395996145,3.0,0.05,10000,1000,10,1
341,110,627.0013,448.1667851350767,-1012.7862,16645.095981979637,145.21550654578942,1536.240687951616,-1046.52,7993.487441270384,146.76,4802.605959768141,3.1,0.05,10000,1000,10,1
351,120,636.5849,445.4925799516643,-834.2649,11390.138158988946,124.4435963535079,1445.2534939491334,-943.24,6679.635922414156,113.5,4277.145677611969,3.2,0.05,10000,1000,10,1
361,130,647.4987,441.8809138199001,-975.024,16378.491609918348,116.00888675718878,1343.4904151427918,-972.26,7126.158622011622,24.68,1920.039466457728,3.3,0.05,10000,1000,10,1
371,140,657.1452,438.3204639495628,-977.9211,16369.52586024909,98.36830112249147,1269.4029363304144,-985.76,7180.698675320292,65.54,3120.4041726385485,3.4000000000000004,0.05,10000,1000,10,1
381,150,665.3745,434.9969998169528,-805.4937,9484.851054334622,84.86392209049048,1190.4284253371488,-1006.64,7391.175471999415,73.16,3525.2827370634564,3.5,0.05,10000,1000,10,1
391,160,673.489,431.5571056986549,-1213.9848,21379.213572998167,74.04602685073048,1121.463359095558,-1053.96,7944.166117090554,79.76,3792.485812401112,3.6,0.05,10000,1000,10,1
401,170,680.481,428.4153036937407,-1018.6803,16526.24048551123,65.1579912392732,1059.5212799783342,-926.68,6151.039563063358,57.86,3281.606483798972,3.7,0.05,10000,1000,10,1
411,180,687.1401,425.2752565950552,-1012.5864,16325.558870316749,67.19337538240063,986.3832355195236,-1054.82,7832.340986201532,75.86,3780.462200557624,3.8,0.05,10000,1000,10,1
421,190,693.1539,422.22049620404505,-920.5785,13475.792901216217,63.65710625480006,933.9768806715036,-940.96,6283.765658383911,64.78,3376.492206649108,3.9,0.05,10000,1000,10,1
431,200,699.8643,418.72855035871385,-878.4207,10594.58121026091,57.616715931801,890.2461562823346,-1078.16,7814.506872872188,115.42,4669.865842644606,4.0,0.05,10000,1000,10,1
1,1,218.9314,276.6665727803777,-977.9211,4346.734753901699,399.4916219603653,1330.2340090726182,-1135.26,3582.538791251126,420.2,2373.907223029232,2.0,0.1,10000,1000,10,1
12,12,264.5333,310.99354541711955,-1184.814,6301.020334527544,433.3649559485887,1441.554513576021,-1225.58,3827.486724870892,429.92,2041.2960301113249,2.1,0.1,10000,1000,10,1
23,23,309.8245,341.0539697756794,-1367.5311,10980.682196811978,450.45808014854873,1522.7262521638106,-1369.3,5363.572904457453,414.94,2930.464734262448,2.2,0.1,10000,1000,10,1
34,34,353.3969,366.1313741956431,-1556.1423,14255.650673906975,449.4409696019495,1575.877923446874,-1333.18,4713.355562618416,385.22,2695.1155664259813,2.3,0.1,10000,1000,10,1
45,45,394.0364,385.6359408497087,-1304.7939,10026.27155596507,431.0585570835326,1614.2843238988874,-1380.28,5434.377643082671,406.08,4227.116970866615,2.4,0.1,10000,1000,10,1
56,56,431.7714,401.30255237419067,-1301.0976,12033.13074086777,402.91967767096327,1638.8064040596648,-1329.14,5610.426235916025,335.18,3235.0890169661134,2.5,0.1,10000,1000,10,1
67,67,465.0665,412.8032483856565,-1275.6231,13115.46852504742,372.12483326304965,1645.3633428844882,-1410.82,7455.682238894354,286.7,3696.058061573093,2.6,0.1,10000,1000,10,1
78,78,495.886,420.557312151388,-1762.8354,24708.32900626295,335.7950936654697,1634.911156679038,-1286.26,6766.199920083345,294.9,4394.136187384652,2.7,0.1,10000,1000,10,1
89,89,520.0783,426.2874804273637,-1167.1317,13867.121962754498,293.37673265271104,1610.4778555009318,-1252.26,6972.566138822638,209.2,3471.5933742383486,2.8,0.1,10000,1000,10,1
100,100,541.5785,428.9521684730712,-1263.735,16256.098507558445,250.40150705303583,1577.69418021533,-1137.08,6580.147939696403,197.02,4325.641945124879,2.9,0.1,10000,1000,10,1
111,111,558.6119,429.79744354566606,-1340.658,21168.33467040588,208.6677807219783,1530.7135134496325,-1114.0,7053.943281001142,120.22,2838.614613661476,3.0,0.1,10000,1000,10,1
122,122,573.0317,428.8528275470619,-937.062,12940.283217554825,177.63141290504524,1479.2337854294194,-1050.46,6998.677299089714,152.12,4350.729638858183,3.1,0.1,10000,1000,10,1
133,133,586.2235,426.6532094661307,-919.3797,13566.500543914364,147.0946095921307,1407.6622711661023,-1046.48,7615.950096947058,110.84,4069.7620066386025,3.2,0.1,10000,1000,10,1
144,144,596.5669,424.0592295003022,-781.9173,9119.5412207012,124.5801364193784,1323.5301803040568,-868.52,5097.648831761677,127.7,4427.689369560079,3.3,0.1,10000,1000,10,1
155,155,605.9743,421.29012407070496,-1107.891,18495.874535901345,113.29279064425612,1239.3351286153927,-1065.52,7995.995292874575,66.66,3124.407245616941,3.4000000000000004,0.1,10000,1000,10,1
166,166,614.7751,418.3126490078802,-829.2699,9607.756663522689,101.496575112823,1168.2196029257157,-945.42,6526.758221421112,101.6,4074.936312458768,3.5,0.1,10000,1000,10,1
177,177,623.9718,414.8973461047444,-875.9232,12666.35474446192,85.87738120096994,1108.0637326488709,-1094.56,8246.354506244823,19.2,1784.3782560253462,3.6,0.1,10000,1000,10,1
188,188,631.0104,411.9884084435386,-1093.5054,18041.676315359327,72.79518269012375,1040.897815223501,-1033.74,7464.024435817306,57.62,3123.9365924396348,3.7,0.1,10000,1000,10,1
199,199,638.0769,408.9448001703776,-716.283,708.206633811501,66.49938659584804,977.5686458242624,-993.7,7006.70433945732,65.52,3174.219068726925,3.8,0.1,10000,1000,10,1
210,210,644.4093,406.1009329877364,-955.7433,14042.94072684318,61.35478643421597,925.9959206602748,-981.76,6783.169498195083,72.08,3584.762408549914,3.9,0.1,10000,1000,10,1
221,221,650.1036,403.44654548904,-811.8873,9025.3543967424,61.74809905621687,868.254290262671,-944.94,6266.300587165035,37.04,2520.744226125562,4.0,0.1,10000,1000,10,1
232,1,164.7405,225.7806726886737,-1045.4535,8674.465902861557,316.8732670899898,1059.1822527195252,-992.18,3383.127458837499,350.06,1493.8825806991968,2.0,0.15,10000,1000,10,1
242,11,203.3661,259.0069567999864,-1198.8999,10412.317942186211,353.13684074364613,1163.2963398910645,-1102.78,3537.076103554493,432.78,2868.906504934137,2.1,0.15,10000,1000,10,1
252,21,244.0608,290.0280226174016,-1367.8308,13502.229106834791,383.77311611968327,1253.5795820882302,-1301.02,5236.807937602594,416.7,2830.389058101734,2.2,0.15,10000,1000,10,1
262,31,284.388,317.05263893555593,-1443.7548,11622.021452085704,398.7679707166613,1322.4047725891423,-1269.5,4114.250655446941,393.04,2515.255893467097,2.3,0.15,10000,1000,10,1
272,41,323.4712,340.2998283434184,-1412.7858,11843.57764586629,398.80993948089895,1364.3622657015185,-1364.5,5286.83372266247,354.9,2278.513803450673,2.4,0.15,10000,1000,10,1
282,51,359.4268,359.12681025197776,-1690.7076,16325.930801040236,387.7940703130692,1401.960141149627,-1447.18,6021.228077922032,403.8,3975.182733884918,2.5,0.15,10000,1000,10,1
292,61,394.2214,374.0889987450045,-1427.7708,15181.397794095428,368.1987419810688,1425.2558950572222,-1332.36,5443.321394624842,351.14,3820.750255336164,2.6,0.15,10000,1000,10,1
302,71,424.9392,385.68066545182165,-1229.8689,9857.36282770927,338.78474876982307,1432.2898654140215,-1326.9,5989.672445768698,335.5,4365.466009413878,2.7,0.15,10000,1000,10,1
312,81,454.3387,393.7769137243955,-1609.8885,21090.56135456078,313.70313130069127,1432.095749548862,-1538.54,8623.775485178281,291.44,4452.17215638513,2.8,0.15,10000,1000,10,1
322,91,478.5186,400.1381009777,-1377.5211,16886.070310744555,279.4137593011872,1414.9235842792868,-1278.72,6614.35606330754,206.52,3701.545573616966,2.9,0.15,10000,1000,10,1
332,101,498.5967,403.9910831306924,-1379.619,19875.80792560415,248.01108058466795,1386.9682134064335,-1259.7,7621.491758419893,265.4,5057.646173713801,3.0,0.15,10000,1000,10,1
342,111,516.4664,405.83144859786313,-980.4186,9828.643799724774,205.4375277683693,1351.8740767771212,-1141.38,6732.059102353141,115.72,3088.526312188081,3.1,0.15,10000,1000,10,1
352,121,531.3041,405.8907072392641,-1266.1326,20791.328829174563,179.24979897919147,1317.0028725735783,-1091.68,6956.659132674881,133.94,3693.7163440690783,3.2,0.15,10000,1000,10,1
362,131,544.2303,404.6887597424841,-820.0791,8775.607433678093,149.01905276944157,1269.5598805776876,-1139.56,7746.754948210427,129.72,3992.7442846108015,3.3,0.15,10000,1000,10,1
372,141,555.3654,402.6428371185063,-1334.3643,22964.23198483788,124.80436099623476,1212.689516100196,-1090.62,7697.431588582396,106.64,3925.397404706749,3.4000000000000004,0.15,10000,1000,10,1
382,151,564.2156,400.4129167704758,-785.4138,8459.121180529586,106.81094712934151,1148.7061902969374,-925.88,6072.6443932271095,101.28,3550.3355967971524,3.5,0.15,10000,1000,10,1
392,161,572.7694,397.8571243846716,-950.7483,14654.525930666348,105.6088041054702,1071.7973286101249,-1082.14,7968.938161257231,73.98,3269.277561966516,3.6,0.15,10000,1000,10,1
402,171,580.5121,395.2662217462934,-883.116,12205.714453544952,91.6055349802627,1020.29044386893,-994.64,7068.00332042181,61.32,2997.7355619617188,3.7,0.15,10000,1000,10,1
412,181,588.3661,392.3711116669906,-1117.0818,18940.001269100176,77.06352379015443,965.2411230531296,-1004.14,6983.014757961705,106.0,4152.332379087522,3.8,0.15,10000,1000,10,1
422,191,594.9727,389.62957120155806,-1143.4554,18974.90953100388,67.46406685420138,912.2544540873364,-999.02,6944.349749180544,35.66,2413.139591625165,3.9,0.15,10000,1000,10,1
432,201,601.3735,386.9126839452927,-965.034,14720.9474715485,61.19996764083456,864.7085669989893,-1046.14,7382.156102607986,92.98,3830.123980313229,4.0,0.15,10000,1000,10,1
2,2,118.9615,178.0275428627548,-828.7704,5857.173834932432,239.07940006934675,820.2755643626606,-820.46,2438.2526316995127,286.48,1482.4483042917516,2.0,0.2,10000,1000,10,1
13,13,150.2586,208.7809697411141,-1031.5674,7294.305653258132,277.0609528333661,918.0554629777045,-1001.52,3176.377595164452,353.22,2305.8263844295634,2.1,0.2,10000,1000,10,1
24,24,184.1579,238.4616236789265,-1143.5553,8354.684003253584,307.74911803458554,999.1424390431736,-1113.52,3566.3360869256967,334.74,2158.817079216799,2.2,0.2,10000,1000,10,1
35,35,219.517,266.0446242851,-1233.2655,7382.330879466941,332.0079392437156,1073.5540871416422,-1233.6,3597.02945527142,349.9,2043.28154935853,2.3,0.2,10000,1000,10,1
46,46,255.2564,290.96315309509555,-1334.5641,9532.7832184562,348.3232344340599,1133.177928008751,-1298.96,4670.201280073445,391.28,3155.182321062907,2.4,0.2,10000,1000,10,1
57,57,289.8591,312.75161493937964,-1465.9326,12058.534482923074,353.89429513176924,1173.2908602637924,-1393.54,5522.55413090835,382.4,3673.276403424277,2.5,0.2,10000,1000,10,1
68,68,322.8371,330.9411765912335,-1254.8439,6795.031690161557,348.88961983935286,1204.2772090494295,-1386.92,5321.966295094756,244.22,1496.8422245729596,2.6,0.2,10000,1000,10,1
79,79,354.4072,345.29759163388326,-1294.704,11628.151121009449,332.1170109641825,1221.6404244753576,-1402.32,5801.749447129265,353.84,4440.848721600051,2.7,0.2,10000,1000,10,1
90,90,383.8645,357.2015609424881,-1131.9669,6353.548049939237,313.985842495844,1237.6377312460838,-1274.76,4865.642238167432,233.6,2058.4107329380467,2.8,0.2,10000,1000,10,1
101,101,409.8327,366.25302280078176,-1367.7309,15103.879764460493,291.7612668233449,1242.944263054953,-1428.62,7169.818793090421,283.28,4066.327820502717,2.9,0.2,10000,1000,10,1
112,112,434.8077,372.5435949264327,-1438.1604,17184.546472648584,267.8228353034659,1229.21614331697,-1375.7,7067.480487277189,214.82,3035.4271115240003,3.0,0.2,10000,1000,10,1
123,123,455.2587,377.60455528808177,-1361.7369,17897.824706589377,237.0318785820635,1215.8123106365051,-1290.64,6868.636997819929,132.56,2318.0727323617893,3.1,0.2,10000,1000,10,1
134,134,472.4375,380.5863716605601,-1300.5981,16975.883048215877,212.43164099930817,1193.5116712464062,-1348.88,8079.893267433754,182.64,3614.018918555126,3.2,0.2,10000,1000,10,1
145,145,487.6739,382.1155089220928,-1246.9518,17054.10743546899,177.9864723197261,1164.1208576636584,-1213.08,7428.980810931532,279.26,5579.216667083454,3.3,0.2,10000,1000,10,1
156,156,500.0686,382.1870980214272,-1085.2137,15201.35356608932,155.8431685503488,1135.3720061578192,-1065.62,6377.1232374542205,160.52,4210.328967741316,3.4000000000000004,0.2,10000,1000,10,1
167,167,512.0215,380.93994964790704,-1293.1056,20349.20137647458,133.614019672353,1098.418711417577,-1186.3,8080.281270137843,66.04,2378.9301480423774,3.5,0.2,10000,1000,10,1
178,178,521.7122,379.32096168174,-928.9701,13847.797712797346,111.3353659418273,1049.053098927373,-1108.22,7659.4667683016605,91.46,3272.601115352438,3.6,0.2,10000,1000,10,1
189,189,530.0312,377.2523691463845,-1002.1968,14600.293552249244,95.59633041520787,1001.072908739098,-1012.2,6751.737091695406,102.54,3773.5332917241326,3.7,0.2,10000,1000,10,1
200,200,537.1764,375.15965439135374,-939.2598,13842.24807853445,88.79748289740022,940.031535218326,-1061.32,7448.263926657815,69.46,3196.746037288964,3.8,0.2,10000,1000,10,1
211,211,544.3845,372.83584653269327,-1203.8949,19742.24415917041,81.21535860116418,892.8793388687598,-1055.76,7385.524857458813,112.64,4058.833285953528,3.9,0.2,10000,1000,10,1
222,222,551.3777,370.3584890922712,-855.8433,10957.95977239296,70.58771292480348,848.8266831241754,-1092.82,7762.41083361316,114.82,4231.009632682391,4.0,0.2,10000,1000,10,1
233,2,83.3755,135.64507842067107,-670.7286,4704.838203784952,173.9439992269562,613.5909704389934,-627.5,2119.8568652890062,216.22,1245.25659122841,2.0,0.25,10000,1000,10,1
243,12,106.3551,161.75485403532716,-739.4598,4422.655914461098,204.91558533413928,700.5977515205102,-762.98,2559.5797827898327,237.94,1309.9466219717665,2.1,0.25,10000,1000,10,1
253,22,132.7458,188.61019692042103,-890.4087,6060.87339944506,235.45339173545003,778.221579923903,-917.46,3205.2148896211106,261.08,1492.6580440287185,2.2,0.25,10000,1000,10,1
263,32,161.879,214.9760939244176,-1095.5034,8493.009884209352,262.2686195660951,846.3493740655024,-1074.14,3487.641556232876,289.14,1745.229682037383,2.3,0.25,10000,1000,10,1
273,42,192.287,239.7217133073264,-1046.952,5507.139607179149,283.94448445129905,905.1980764867848,-1146.5,3693.1365633790974,282.32,1618.9075031484583,2.4,0.25,10000,1000,10,1
283,52,223.7214,262.9119890420367,-1309.8888,10061.983305384596,300.7037778430508,954.6860353960102,-1225.22,4202.720813690077,341.58,2887.055353203545,2.5,0.25,10000,1000,10,1
293,62,255.1008,282.95573264975565,-1161.9369,5966.25224690557,307.88149192289467,993.277208051122,-1339.1,4579.545000678705,264.04,1473.2372250225417,2.6,0.25,10000,1000,10,1
303,72,284.5847,300.6547146244509,-1339.4592,10357.19743361124,306.7440805768588,1019.0816320486311,-1354.66,4900.120549796734,342.84,3207.47151534541,2.7,0.25,10000,1000,10,1
313,82,312.4079,315.37807995735847,-1645.8525,17097.7948406274,298.53036358575616,1039.852651208918,-1435.66,5726.756493722588,283.74,2986.810291259155,2.8,0.25,10000,1000,10,1
323,92,340.0052,327.0904608406672,-1564.8336,15308.926931417833,285.5863137120301,1050.94844302806,-1438.3,6421.449416701896,296.78,3503.5686279724982,2.9,0.25,10000,1000,10,1
333,102,364.1632,336.9934173923283,-1267.2315,9459.141277910976,268.73631850628686,1061.3861756788256,-1277.86,4810.754634817249,205.68,2462.802931098577,3.0,0.25,10000,1000,10,1
343,112,387.2088,344.4630430141382,-1253.1456,12371.372393808671,250.47463098575528,1060.0868945388156,-1428.64,6957.464795601785,176.24,2683.049633893081,3.1,0.25,10000,1000,10,1
353,122,408.4989,349.8296133817004,-1431.1674,16437.06067132833,230.02503497021152,1050.3250096283414,-1352.34,6773.842116413832,195.58,3435.883145990168,3.2,0.25,10000,1000,10,1
363,132,426.376,354.146472556201,-1081.3176,9288.231962016682,206.41238405965032,1037.3287508285391,-1278.12,6452.700907410793,156.96,3222.274020530585,3.3,0.25,10000,1000,10,1
373,142,441.0723,356.9101422945417,-1315.7829,15146.00414884848,185.0469768711948,1021.4234781261634,-1222.04,6745.542563267042,133.0,2767.4502485298285,3.4000000000000004,0.25,10000,1000,10,1
383,152,454.9969,358.2414508266597,-1134.1647,12805.902972475937,156.83719376916653,994.7642088577394,-1191.46,6877.838434752117,131.5,3247.450437409991,3.5,0.25,10000,1000,10,1
393,162,466.4361,358.4737004534503,-918.1809,9208.32288504322,136.87161291665612,975.3995252517508,-1168.42,7243.997670749582,171.64,4393.424851820372,3.6,0.25,10000,1000,10,1
403,172,476.9701,357.6426473534581,-1114.3845,15673.809402834378,120.606559459265,948.4112427331552,-1163.16,7522.39998036175,91.08,2487.3847997272537,3.7,0.25,10000,1000,10,1
413,182,485.5311,356.4465699551477,-768.8304,2941.097835925199,103.09257053411947,907.395914149662,-1062.24,6832.484940886936,93.34,3033.253650318535,3.8,0.25,10000,1000,10,1
423,192,494.4116,354.3181555966897,-1132.1667,16633.474612794544,84.65367674381666,873.4995291433512,-1017.64,6562.3827469244525,68.26,2828.7256390951256,3.9,0.25,10000,1000,10,1
433,202,500.675,352.7772503648726,-942.9561,12185.541038272053,82.01767489032845,829.6717921595371,-1109.82,7633.35747769212,52.74,2643.010602117269,4.0,0.25,10000,1000,10,1
3,3,55.9676,99.6486756070546,-442.3572,3419.5143700328044,118.3221912391562,435.3772893827425,-471.38,1887.2013799552103,141.74,860.5276423115753,2.0,0.3,10000,1000,10,1
14,14,72.7977,121.06796675714844,-601.1982,4269.06995046239,144.7675821128148,509.8374972686987,-582.12,1955.9792665284333,202.78,1299.6511766309036,2.1,0.3,10000,1000,10,1
25,25,92.0007,143.3842442512775,-702.4968,4988.942756974969,170.46727255604233,582.3377880451806,-705.6,2227.76860003312,213.66,1285.3818985276346,2.2,0.3,10000,1000,10,1
36,36,113.67,166.53503805505915,-859.7394,5567.870192698094,194.93052791148324,648.507072122716,-846.06,2761.3672322418706,208.5,1208.2738690273234,2.3,0.3,10000,1000,10,1
47,47,138.0016,189.76711042074703,-856.4427,4256.320595751464,218.3936792059428,702.7287862519863,-969.8,2737.411423613596,283.96,2029.773070141494,2.4,0.3,10000,1000,10,1
58,58,163.876,211.8994837747369,-1040.5584,6340.754442452364,237.45094020204692,748.8447361725266,-1056.26,2961.9041341694365,302.12,2396.79159849092,2.5,0.3,10000,1000,10,1
69,69,190.6837,232.7761531048874,-1329.669,10140.393399817844,252.9148326733241,792.841182400761,-1252.56,4354.508195027546,294.46,2187.703799235929,2.6,0.3,10000,1000,10,1
80,80,217.7844,251.99655933492423,-1126.5723,5970.875578949091,263.7594017598587,826.6631309767399,-1268.52,4234.210417939376,270.62,2193.167985855488,2.7,0.3,10000,1000,10,1
91,91,244.3474,268.65631001940005,-1119.879,7346.4456835518195,267.99864636016946,853.5672025141787,-1257.98,4040.736947031756,240.38,1775.0224015635984,2.8,0.3,10000,1000,10,1
102,102,270.1828,283.3652007289533,-1660.8375,14885.837396256637,264.94484919745,869.7392780069484,-1372.0,4806.333954752672,254.78,2324.949825430449,2.9,0.3,10000,1000,10,1
113,113,293.7153,295.76986602071213,-1334.2644,11562.404090721288,256.8621831389502,884.6130214248078,-1394.4,5678.597827574053,208.56,1913.15988471284,3.0,0.3,10000,1000,10,1
124,124,317.5809,305.729384023175,-1368.1305,12555.191174403217,245.2837753791621,890.4954580803958,-1431.18,6110.694057616253,211.5,2591.2049676392703,3.1,0.3,10000,1000,10,1
135,135,338.8533,314.2872020606471,-1192.806,8252.984956331433,232.70256735022696,898.3554933229352,-1303.0,5033.491492359987,180.18,2257.632578185788,3.2,0.3,10000,1000,10,1
146,146,358.6939,320.9289441648883,-1515.483,16682.77351988399,216.7627842691168,897.563551061429,-1454.6,7212.115660555515,242.88,3902.054318995424,3.3,0.3,10000,1000,10,1
157,157,377.1779,325.91664156896013,-1120.9779,9689.04334901612,202.66228643799028,890.3808987513652,-1403.04,6928.632141536688,185.46,3052.5642340891577,3.4000000000000004,0.3,10000,1000,10,1
168,168,393.8719,329.69756579384995,-1275.4233,13404.575201174765,182.7611417227516,880.118923351675,-1318.58,6619.3567944353335,130.38,2559.547652226542,3.5,0.3,10000,1000,10,1
179,179,407.3051,332.4106418482868,-1189.4094,14617.731841493423,164.9735069597349,867.765420810013,-1218.3,6472.364194004071,123.7,2770.7295075846755,3.6,0.3,10000,1000,10,1
190,190,419.5817,334.01732309134803,-1392.3063,17501.282275170804,144.14460785652727,848.3171831786443,-1200.18,6258.1972221117385,127.74,3131.760413047025,3.7,0.3,10000,1000,10,1
201,201,430.3067,334.7223670971362,-864.6345,7137.511693778695,125.36713006264414,832.2850662412101,-1115.2,6117.808735026933,140.2,3716.323595451104,3.8,0.3,10000,1000,10,1
212,212,439.6082,334.4420985652973,-1270.2285,18997.03897184131,112.63459295539896,816.1693625523508,-1082.6,6298.631003261859,126.46,3684.5376168720295,3.9,0.3,10000,1000,10,1
223,223,448.4238,333.44146771743914,-1004.4945,12240.513565329027,96.55044226978102,788.4135522996296,-1110.54,6827.590388083538,77.06,2774.6617147254387,4.0,0.3,10000,1000,10,1
234,3,36.1656,70.44700402884428,-300.3993,2304.3384448961424,76.88016927707119,301.2288708648641,-303.52,1236.6392106243943,108.2,821.096937040933,2.0,0.35,10000,1000,10,1
244,13,47.1582,86.545887093264,-479.7198,3256.4750009528925,94.80145846733316,356.0250515608252,-423.5,1652.9237628204664,128.12,990.0602443936192,2.1,0.35,10000,1000,10,1
254,23,60.882,104.6014697602285,-549.5499,4614.041664089932,116.27511603900211,414.5785165432988,-530.22,1936.6026424074344,142.66,1021.9219915706312,2.2,0.35,10000,1000,10,1
264,33,76.4159,123.38055570952014,-613.0863,3515.047951402993,136.76128463502224,469.43358560948593,-615.82,2074.388593394121,177.5,1168.4563659067046,2.3,0.35,10000,1000,10,1
274,43,93.927,143.0358258304541,-745.1541,4238.861134800856,157.08616804785396,523.1669707368981,-736.46,2035.3940530755044,186.5,1188.0382542196817,2.4,0.35,10000,1000,10,1
284,53,113.4097,162.89779263670212,-919.8792,5787.209953052631,175.74118033380424,571.4647416850241,-879.32,2707.159620140802,207.7,1593.0921204533106,2.5,0.35,10000,1000,10,1
294,63,135.0128,182.8012386067447,-1048.6503,6666.218734817509,193.6785340894213,609.4978320347632,-1032.14,3258.6587587672648,238.1,1827.0692948601647,2.6,0.35,10000,1000,10,1
304,73,157.3313,201.4277471956384,-1050.948,6059.22734477735,207.41378960872575,641.3445951740202,-1100.02,3341.727205154748,224.18,1557.0760341671237,2.7,0.35,10000,1000,10,1
314,83,180.4745,219.0516399156829,-1162.7361,7297.609388226744,218.30533525805896,673.2492373206908,-1280.34,4281.75090628616,208.5,1437.540400211495,2.8,0.35,10000,1000,10,1
324,93,203.6753,235.37857478944423,-1225.9728,8116.085317438954,226.65442013397032,699.0433048891119,-1303.34,4642.173609633982,200.26,1127.8240692205106,2.9,0.35,10000,1000,10,1
334,103,226.5544,249.3958452754175,-1421.1774,11511.032984296666,228.3584439462157,716.5305214053093,-1275.08,4229.309127880098,217.48,1937.833318269902,3.0,0.35,10000,1000,10,1
344,113,248.4777,262.1685578072054,-1464.3342,13138.30953968837,226.75570865425613,730.6337199821681,-1443.96,5467.052623200043,188.38,1401.2170840136273,3.1,0.35,10000,1000,10,1
354,123,268.5293,272.998151901272,-1480.1184,12816.18185482381,221.99684414908396,741.0175937648106,-1310.26,4554.596048709115,205.74,2432.500515575655,3.2,0.35,10000,1000,10,1
364,133,289.0789,281.883637117854,-1502.0964,14308.627225335573,212.0620674726813,746.6665227746773,-1518.74,6472.554225977625,201.2,2512.536137806654,3.3,0.35,10000,1000,10,1
374,143,308.5211,289.58521708607645,-1535.7627,15976.374071598237,203.52800359772655,751.2981367170322,-1490.52,6741.55998213316,160.4,2308.0599112794725,3.4000000000000004,0.35,10000,1000,10,1
384,153,324.8869,295.8410024124276,-1344.654,13304.175497882305,191.00056838934643,753.6926253141964,-1349.08,5907.480764801409,161.42,2206.101147234003,3.5,0.35,10000,1000,10,1
394,163,341.7128,300.7844682096468,-1293.4053,12743.49414313553,180.32792457503305,747.0127973157479,-1314.4,6036.212407298356,155.08,2795.773207608736,3.6,0.35,10000,1000,10,1
404,173,357.1312,304.40417143422985,-1312.8858,14828.159047097888,165.36676428607484,739.2877535279827,-1375.3,6877.406762899679,144.02,2757.796001062868,3.7,0.35,10000,1000,10,1
414,183,370.2047,307.2798935789812,-1029.1698,7896.975679806588,150.7772566568849,730.9708531845139,-1245.04,5808.962196690582,96.8,2069.82563947251,3.8,0.35,10000,1000,10,1
424,193,381.2141,309.2782715633124,-1176.7221,13691.966005902232,135.67215465686849,718.7226019275565,-1217.7,6426.19049689863,118.0,2801.266268898929,3.9,0.35,10000,1000,10,1
434,203,391.7622,310.4152187814895,-1296.3024,15404.820115140332,119.73849218633768,704.5554040644521,-1294.58,7221.751726097993,69.12,1320.7410273350822,4.0,0.35,10000,1000,10,1
4,4,23.0583,48.310935626522486,-240.4593,2707.3633498986333,48.55483325448499,202.86431567228684,-199.58,934.7230575520388,63.84,459.4796693616113,2.0,0.4,10000,1000,10,1
15,15,29.9537,59.82186018764377,-265.9338,1884.457577355788,60.435106147539415,241.8172956275488,-275.62,1150.8197314112322,70.78,501.8081034990106,2.1,0.4,10000,1000,10,1
26,26,38.3495,72.72226997110307,-321.9777,2139.3256230445268,73.4976924790618,280.4530638536791,-368.32,1488.242542123567,89.84,561.8116567264899,2.2,0.4,10000,1000,10,1
37,37,48.5599,87.1221924195552,-492.1074,3844.03800931871,88.36671318804034,322.77212602695084,-467.42,1734.9327199503373,140.88,1205.8201465486393,2.3,0.4,10000,1000,10,1
48,48,60.8469,102.78511692064176,-567.0324,4536.526248771281,105.20458523724824,367.0172440981223,-540.34,1773.5792180571668,137.06,1138.643143052608,2.4,0.4,10000,1000,10,1
59,59,74.6367,119.0131409261599,-670.9284,3931.633298555815,121.19647435305023,408.8004381668516,-635.64,1860.6267717084909,155.68,1031.863465687773,2.5,0.4,10000,1000,10,1
70,70,89.8158,135.7779498680106,-791.8074,5498.078359069602,136.94919938654328,448.5123707098232,-755.94,2221.4977428802763,161.86,1124.1938096129854,2.6,0.4,10000,1000,10,1
81,81,106.4765,152.67619476444258,-832.2669,4489.753655408392,151.66339525400457,484.8234661133136,-867.44,2676.698025110745,171.36,1197.0509778218932,2.7,0.4,10000,1000,10,1
92,92,124.797,169.37538012060665,-986.5125,5921.218613852308,165.05969337915047,510.7871633662356,-1005.5,2908.103756186439,212.96,1990.6331405937265,2.8,0.4,10000,1000,10,1
103,103,143.8074,185.2639827522878,-1086.4125,7058.077133258437,176.21590820410145,536.333288948591,-1116.74,3350.2289736400976,180.34,1385.724903345096,2.9,0.4,10000,1000,10,1
114,114,162.8763,200.129691446097,-1133.2656,7301.390114780709,184.4154435898476,558.5481332329405,-1097.08,3162.302877579716,217.12,2071.2450147655445,3.0,0.4,10000,1000,10,1
125,125,182.6761,214.1688170317752,-1265.9328,9850.774606604253,190.61537979303617,576.742831615451,-1226.44,3825.306814312071,215.62,2155.569684252024,3.1,0.4,10000,1000,10,1
136,136,202.1142,226.6221078323119,-1201.4973,5792.320070280333,193.52624177278923,591.7641874855092,-1303.56,4291.776003069831,198.48,1791.7273001971666,3.2,0.4,10000,1000,10,1
147,147,220.8323,237.80692541789017,-1247.5512,7673.737654242369,193.7787583679792,602.6421178126704,-1262.8,3992.993182996429,199.28,2289.27140329752,3.3,0.4,10000,1000,10,1
158,158,238.8389,247.5831830855844,-1394.5041,11530.02176052426,189.5811274450284,609.7451138429383,-1333.24,4484.688879491485,174.3,2309.2381358527764,3.4000000000000004,0.4,10000,1000,10,1
169,169,255.7537,256.0860203843818,-1361.4372,11566.417563177492,183.7358627232642,616.0703325271288,-1412.74,5617.144196412651,160.7,2045.185025414282,3.5,0.4,10000,1000,10,1
180,180,272.9369,262.9783715790901,-1387.1115,11794.374672438516,175.5251618069304,617.3806957563664,-1507.8,6236.859225708091,129.36,1255.0312748095462,3.6,0.4,10000,1000,10,1
191,191,288.5488,269.2001122186988,-1328.1705,11075.167408059411,168.6926342767525,620.219472995605,-1378.2,5802.488746009315,126.62,1749.298539454605,3.7,0.4,10000,1000,10,1
202,202,302.4967,274.1721367847397,-1372.9257,12832.46121764916,158.50935035892482,620.054378778541,-1379.88,6001.334250554512,124.28,2077.448931022397,3.8,0.4,10000,1000,10,1
213,213,316.4933,278.22216510391473,-1193.2056,10790.979390822224,150.8566166075201,615.7121200016703,-1335.96,6071.927676526696,126.84,2483.233428259599,3.9,0.4,10000,1000,10,1
224,224,329.6734,281.1594798907552,-1374.8238,15359.60185408675,139.41016758152583,609.5920761838837,-1376.32,6616.654235255676,104.48,1855.626111162064,4.0,0.4,10000,1000,10,1
235,4,14.7103,32.28702485380156,-128.871,1302.8925265165065,29.239196213483517,128.57477267038752,-131.34,749.860009203945,31.86,328.5600943108541,2.0,0.45,10000,1000,10,1
245,14,18.6599,39.910094362078375,-195.4044,1676.1845164282936,36.666190427367695,156.60469380113813,-176.66,768.5820165939502,44.86,351.3800324331468,2.1,0.45,10000,1000,10,1
255,24,23.584,48.63468046569238,-233.5662,1694.4245243930006,44.76510839377042,183.43214985021064,-227.22,924.8246329224615,55.34,401.7133577094197,2.2,0.45,10000,1000,10,1
265,34,29.7733,58.81142327056879,-266.0337,1885.7406783423075,54.52962410692964,214.33365799368528,-284.3,1160.7274610449613,65.58,529.3347552620297,2.3,0.45,10000,1000,10,1
275,44,37.2107,69.98805259121016,-393.1065,2971.171497097444,64.75475868383728,242.67689478629268,-388.12,1487.8629773013113,75.16,535.3761641721794,2.4,0.45,10000,1000,10,1
285,54,45.9105,82.08918619251868,-526.8726,3535.655887162166,75.89367068678692,274.27573432159886,-458.78,1670.687293063283,103.14,863.6531306450568,2.5,0.45,10000,1000,10,1
295,64,56.4409,95.4204857836618,-550.3491,3659.225434447461,89.32382822693039,308.7815723548867,-568.08,2057.57247115318,113.68,794.0352050071074,2.6,0.45,10000,1000,10,1
305,74,68.0873,109.19567976211331,-746.4528,6428.487996843792,102.1602456336966,339.51172555934806,-643.96,2037.1103308976728,115.56,914.694240145468,2.7,0.45,10000,1000,10,1
315,84,80.6541,123.06351877461492,-743.6556,4684.241357818624,113.59912638461807,368.78033826013166,-744.76,2175.677802384806,131.54,938.8787875640676,2.8,0.45,10000,1000,10,1
325,94,94.4083,137.23814699678076,-889.7094,4350.060325815663,125.31211439663176,396.589291303699,-860.66,2506.9010390683493,139.56,798.9761214731442,2.9,0.45,10000,1000,10,1
335,104,109.0745,150.99409773150074,-953.6454,6609.28281964071,135.18690182095796,416.7261399364649,-932.62,2821.011830243652,152.18,1163.4932828606816,3.0,0.45,10000,1000,10,1
345,114,124.7909,164.8065374224882,-958.041,5472.48879217464,144.82755669617848,435.0837529365784,-1033.36,3089.1761703310367,144.66,992.0725302065966,3.1,0.45,10000,1000,10,1
355,124,140.8548,177.4119300299729,-1121.9769,7600.672404430173,150.96813359287322,451.3432128156222,-1135.22,3452.3730157015125,156.48,1269.205695665518,3.2,0.45,10000,1000,10,1
365,134,157.2352,189.51061099832904,-1204.6941,7872.418876712685,156.54719141093997,465.047829455687,-1259.7,4162.43156023608,178.32,1706.3895083231762,3.3,0.45,10000,1000,10,1
375,144,173.3038,200.8239380790049,-1255.2435,7646.440643806743,160.94253537012605,477.4907630334967,-1245.06,3865.604724540345,164.0,1310.1342088368335,3.4000000000000004,0.45,10000,1000,10,1
385,154,189.4602,210.72820033388984,-1279.9188,7494.667837096278,161.39626465587645,485.5204750988959,-1283.42,4124.387246684781,162.4,1469.1773508357733,3.5,0.45,10000,1000,10,1
395,164,205.0551,219.76994941071905,-1116.7821,7331.161683674887,160.8700939300627,492.7902740542659,-1331.36,4531.814458318927,151.9,1753.1154358379076,3.6,0.45,10000,1000,10,1
405,174,219.753,227.76518739921605,-1318.3803,7633.793709061777,157.2214612009341,496.8904743720556,-1368.48,4750.951867148771,139.14,1450.687598985731,3.7,0.45,10000,1000,10,1
415,184,233.8248,234.7459812328211,-1454.0445,12196.68644627493,152.58332782901056,501.04445528418654,-1386.1,5136.112221795341,126.1,1615.8502056777163,3.8,0.45,10000,1000,10,1
425,194,247.7249,240.66862117856164,-1619.9784,15148.846282529326,147.07500961753672,502.10017485114986,-1382.24,5264.938417498727,115.78,1351.4398360870737,3.9,0.45,10000,1000,10,1
435,204,261.252,245.90904720241585,-1551.1473,15257.878115742771,140.44825533411912,501.89136385626114,-1330.26,5099.153309015811,135.5,2194.7331125545847,4.0,0.45,10000,1000,10,1
5,5,9.5051,21.04788288617172,-90.4095,1303.4098052116158,17.041039072629303,80.7189720609218,-83.3,539.753873005412,21.36,260.6425595607621,2.0,0.5,10000,1000,10,1
16,16,11.7207,25.926501721404684,-86.4135,919.895419640764,21.26087502746584,96.81377933267038,-100.94,564.459899282305,20.44,212.9665275910452,2.1,0.5,10000,1000,10,1
27,27,14.4696,31.50781293330275,-145.0548,1468.6771559658052,25.94471740010389,113.13862040719724,-141.06,787.238242722672,30.18,305.95183976048463,2.2,0.5,10000,1000,10,1
38,38,17.8298,37.92285368956298,-173.0268,1594.604458923843,31.48690506256586,133.82116559139226,-170.46,783.3011837565723,38.48,368.45198504897314,2.3,0.5,10000,1000,10,1
49,49,22.0365,45.38826024149857,-246.1536,2055.7833846832,37.95297114068921,154.6636086590906,-224.96,963.4468440874869,41.68,346.32177447736046,2.4,0.5,10000,1000,10,1
60,60,27.1961,53.82649575060594,-278.5212,2076.022573076447,45.13313552275429,176.02212383885697,-293.2,1190.623163873371,57.74,491.85189257379386,2.5,0.5,10000,1000,10,1
71,71,33.1154,62.92585067235881,-340.4592,2098.5888757120306,52.6866355014585,197.52348905360373,-351.72,1305.823709064863,68.22,596.9737593621153,2.6,0.5,10000,1000,10,1
82,82,40.1838,72.91279049357527,-406.9926,3048.039886953661,61.217269096001246,222.25639882010577,-424.1,1447.386846308991,78.16,695.8990170593678,2.7,0.5,10000,1000,10,1
93,93,48.4498,83.64002558560105,-590.3091,4562.907032519503,70.52159194863592,245.0792853171168,-528.84,1897.2528063547888,90.06,667.92350503696,2.8,0.5,10000,1000,10,1
104,104,57.7462,94.93519466225368,-571.6278,3528.950355548849,80.62920154205935,270.1891240098656,-606.24,2080.7830324670617,82.84,575.446477324196,2.9,0.5,10000,1000,10,1
115,115,67.8662,106.32741743106526,-724.8744,4466.535997056996,89.60641234876736,290.7544663379382,-690.02,2024.8650343765487,100.64,703.8416936449356,3.0,0.5,10000,1000,10,1
126,126,78.4666,117.75550723613738,-788.7105,5082.797570000552,97.8552093116143,309.66491960529896,-767.12,2252.8920209024186,127.02,1243.7719310475077,3.1,0.5,10000,1000,10,1
137,137,90.1402,129.45369266251157,-843.9552,4060.558984612797,106.6157065187401,329.957939528879,-864.98,2405.2309895748726,101.0,578.3428464542503,3.2,0.5,10000,1000,10,1
148,148,102.3935,140.6552987190671,-899.7993,5736.151213147498,113.47253495313892,342.7873638265434,-948.46,2878.307852542775,123.0,1049.912963879946,3.3,0.5,10000,1000,10,1
159,159,115.3042,151.78938652738535,-957.7413,4926.78466766008,120.0826768978718,354.0326953159001,-1039.0,3067.533859046651,123.32,946.4595903553504,3.4000000000000004,0.5,10000,1000,10,1
170,170,128.3171,162.1987569236892,-1363.9347,9496.948887177,124.76659277140932,364.3613676115408,-1124.96,3091.81321060845,169.94,1673.271161538979,3.5,0.5,10000,1000,10,1
181,181,141.6463,171.9567701380495,-1186.812,8470.957224144466,128.47822842002756,373.56000077780897,-1131.18,3390.739376441648,150.34,1764.6170325957903,3.6,0.5,10000,1000,10,1
192,192,154.9694,181.25121644733863,-1237.5612,9285.188466700114,131.06681415511613,381.7952364806595,-1194.86,3530.77558307262,119.0,1142.5066880124664,3.7,0.5,10000,1000,10,1
203,203,168.3183,189.75589789281915,-1333.2654,9934.46768581905,132.76374308858118,388.498855457636,-1298.26,4494.585309248254,132.52,1281.7436312592415,3.8,0.5,10000,1000,10,1
214,214,181.3791,197.25162301788544,-1239.9588,9660.964022771614,132.17028522556302,392.84429486692807,-1370.94,4652.837027625249,103.64,1186.814055848816,3.9,0.5,10000,1000,10,1
225,225,193.6153,204.0004198669944,-1246.8519,8699.582576058816,130.0638806356263,395.8030006635064,-1301.2,4300.729262255265,96.74,964.2335541945756,4.0,0.5,10000,1000,10,1
236,5,6.2611,13.450276086013996,-60.4395,1247.428890728242,9.599672733863809,48.04955421542597,-43.22,334.74055135832043,11.64,211.1988894314781,2.0,0.55,10000,1000,10,1
246,15,7.5111,16.466532020738306,-69.4305,875.4492672403702,11.982642038531932,59.45626918447779,-63.48,416.69611609099087,12.34,161.09102840302185,2.1,0.55,10000,1000,10,1
256,25,8.9967,19.79292522872756,-79.2207,1027.9109911330256,14.417316572836272,68.91631387568361,-77.26,536.8945128903788,17.16,226.02354537593297,2.2,0.55,10000,1000,10,1
266,35,10.8942,23.87265394462878,-90.7092,975.1645484865732,17.647455802559517,80.92869670127685,-104.2,588.3612639337244,16.6,171.41580539096677,2.3,0.55,10000,1000,10,1
276,45,13.0333,28.36996988207778,-115.884,1059.2492799373076,20.97261638269193,92.55388728554796,-131.42,654.9928894030201,23.12,336.75630072889214,2.4,0.55,10000,1000,10,1
286,55,15.7376,33.56503457826314,-171.2286,1400.6744626918432,25.027541635276187,107.0009390188892,-178.56,808.1816888325399,24.08,211.529260535762,2.5,0.55,10000,1000,10,1
296,65,18.9801,39.46626285816786,-180.819,1314.8192001153236,29.73819137780763,122.47592140646832,-210.86,934.8440799113904,32.94,300.2665022896156,2.6,0.55,10000,1000,10,1
306,75,22.7829,45.89921314783077,-243.8559,1896.85760441113,34.514693215441724,136.8845818635389,-257.88,1012.2135956587048,40.38,350.9669120833725,2.7,0.55,10000,1000,10,1
316,85,27.3952,53.23196236247542,-295.4043,1905.50584362618,40.29723742656208,153.64855518119091,-324.8,1238.8068550998676,39.5,324.983555631886,2.8,0.55,10000,1000,10,1
326,95,32.4955,60.83685050814186,-401.9976,3354.588125589112,45.77859525648108,168.32651613950026,-377.56,1321.622909574252,59.42,461.2575630317029,2.9,0.55,10000,1000,10,1
336,105,38.4512,69.0406664116157,-418.4811,2576.546303625895,52.08272281321193,185.79808903048945,-431.5,1449.9924130145578,62.7,658.9780991911047,3.0,0.55,10000,1000,10,1
346,115,45.3262,77.89525526988149,-477.4221,2790.1430888714704,58.853419460746416,201.5149073816364,-537.84,1878.946826953294,69.76,625.060487042051,3.1,0.55,10000,1000,10,1
356,125,52.9248,87.04320389875363,-594.1053,3506.4279357059,66.299599259629,219.09352136531723,-627.28,2189.1000473943054,79.72,737.3758159238686,3.2,0.55,10000,1000,10,1
366,135,61.1348,96.30365947854732,-703.0962,5099.97784951583,73.01597265183409,233.7524293826606,-683.54,2152.9311599904827,80.2,550.6707581017744,3.3,0.55,10000,1000,10,1
376,145,69.5586,105.50804597773572,-780.3189,5118.235663217668,78.91373193245194,247.0751866462629,-719.26,1945.6884701211231,96.84,932.4446148141828,3.4000000000000004,0.55,10000,1000,10,1
386,155,78.9288,114.77655740855796,-800.0991,4166.153207064482,84.7893507729625,259.7569364331081,-839.7,2462.1555862725454,81.68,523.0102595295406,3.5,0.55,10000,1000,10,1
396,165,88.4597,123.958414703924,-846.6525,3687.704869463415,90.17023652240482,269.8584202088017,-877.52,2386.904351003216,98.14,785.0109328005958,3.6,0.55,10000,1000,10,1
406,175,98.6859,132.86932994935287,-967.9311,5825.52639694757,94.73865604904223,277.05977214639364,-996.78,2712.727321451984,98.74,797.6402919885256,3.7,0.55,10000,1000,10,1
416,185,109.1182,141.5974647681236,-988.2108,5599.163264853955,99.04645177606524,284.33841794766585,-1033.28,2965.3916767232686,111.44,1153.8848605589478,3.8,0.55,10000,1000,10,1
426,195,119.6043,149.6060571016762,-1145.0538,7586.350508809213,101.4760441724658,289.69350015386806,-1130.34,3117.756168264683,119.04,1312.3115844072463,3.9,0.55,10000,1000,10,1
436,205,130.5562,157.33458310733846,-1151.3475,8327.549936886533,103.89798111686738,295.403403340001,-1177.64,3702.215373295701,117.34,1451.7679178879596,4.0,0.55,10000,1000,10,1
6,6,4.3445,8.619131032186482,-26.0739,409.02377691742856,5.378919070232577,28.915688183054662,-26.84,233.882629770684,5.34,84.38125632889074,2.0,0.6,10000,1000,10,1
17,17,4.9711,10.172564317319404,-56.4435,1094.362324505682,6.331532570192652,32.92652472477391,-38.34,310.0833106859455,7.32,106.86233927794954,2.1,0.6,10000,1000,10,1
28,28,5.7626,12.165403455701748,-56.8431,764.689300340338,7.66742697108378,38.80003440717106,-49.88,341.132852071266,9.52,136.4376455495781,2.2,0.6,10000,1000,10,1
39,39,6.7292,14.52053949961915,-60.2397,809.0848533212678,9.297889317885073,46.49216371154844,-63.82,464.3453125174472,11.46,152.1150298235839,2.3,0.6,10000,1000,10,1
50,50,7.8559,17.10958606132831,-88.7112,1014.375008298364,11.029959870405428,53.56428368981079,-71.84,432.9824035410418,13.78,168.97623175076922,2.4,0.6,10000,1000,10,1
61,61,9.2471,20.12395690688092,-91.5084,967.6918941944532,13.04314760469434,61.15808467428122,-95.36,558.4923112865356,14.7,171.57754481688022,2.5,0.6,10000,1000,10,1
72,72,10.8906,23.62911830009745,-115.0848,1690.9430196309168,15.497117690525345,69.87264764209127,-111.26,601.3163647673774,17.1,314.4796968771987,2.6,0.6,10000,1000,10,1
83,83,12.7454,27.47084597969273,-168.5313,1998.9589832014967,18.060953288093057,78.4501593203713,-140.18,669.1414967211817,24.08,398.5122768541521,2.7,0.6,10000,1000,10,1
94,94,14.9766,31.72290422455044,-173.4264,1618.0486226061169,20.940452650170894,88.56881663360998,-173.58,748.6160739675714,20.58,176.11236514372197,2.8,0.6,10000,1000,10,1
105,105,17.63,36.50781149288464,-260.6391,2701.8772095890586,24.2884757273964,99.20939414488514,-210.76,833.7396083750953,37.72,504.8590792181389,2.9,0.6,10000,1000,10,1
116,116,20.7029,41.66163500860234,-286.1136,2412.943503882827,27.724664944926875,109.58388832371588,-244.46,984.697045403876,38.44,391.9205615589176,3.0,0.6,10000,1000,10,1
127,127,24.2344,47.3432387637348,-340.0596,2728.9846063226514,31.58442402104045,120.96065401209653,-306.32,1125.6139472642597,39.2,378.2349351482709,3.1,0.6,10000,1000,10,1
138,138,28.2819,53.43621087231017,-370.4292,2324.011673725698,35.65939993174988,130.9111298478369,-345.92,1205.4562066149922,51.16,426.2591043982618,3.2,0.6,10000,1000,10,1
149,149,32.821,59.8856774112141,-424.9746,2718.48722487968,39.97735757086526,142.7279710986581,-421.16,1524.2468918317418,43.84,344.20038028767345,3.3,0.6,10000,1000,10,1
160,160,37.8276,66.53268879460683,-489.6099,3365.434674566849,44.37700775368393,153.08868078544785,-471.54,1572.3171583763412,52.86,419.2700789943327,3.4000000000000004,0.6,10000,1000,10,1
171,171,43.5462,73.60267023389844,-583.1163,4210.399319401568,48.97403192398477,163.4440345239077,-557.52,1758.3789805567874,67.14,788.0903051255631,3.5,0.6,10000,1000,10,1
182,182,49.7567,80.95649390326881,-662.0373,5107.962619452191,54.32770815847549,176.14182377922546,-634.52,2078.4148648513474,66.66,700.8862736256543,3.6,0.6,10000,1000,10,1
193,193,56.3823,88.3079098762393,-666.7326,3825.327863049548,59.151996777616105,185.64427566051884,-723.22,2283.300719970496,62.88,683.3306664272928,3.7,0.6,10000,1000,10,1
204,204,63.0862,95.44539050975692,-729.8694,4306.545437784723,62.910793127091765,193.4509516920671,-728.86,1913.3523439552923,59.58,419.7616509215181,3.8,0.6,10000,1000,10,1
215,215,70.3087,102.72875548895745,-848.7504,5217.774973575167,66.87397648702161,201.5848689032456,-799.9,2146.1184898456204,67.86,566.7937419508012,3.9,0.6,10000,1000,10,1
226,226,77.9503,109.93331264866896,-925.6734,5923.162563294001,70.63321645432335,208.022958311876,-911.46,2609.568097016305,82.28,775.0677871047542,4.0,0.6,10000,1000,10,1
237,6,3.1829,5.492490108320633,-16.4835,274.0162006443626,2.9672554081660696,16.878506323126267,-17.36,140.8709155982389,2.98,52.26272801216874,2.0,0.65,10000,1000,10,1
247,16,3.5398,6.446023267100422,-14.2857,232.36344883123348,3.508940509986016,19.76075720553162,-23.72,204.47381875011632,3.68,88.38121250510422,2.1,0.65,10000,1000,10,1
257,26,3.9409,7.511085619935376,-30.5694,569.7770639240381,4.11526129135661,22.44757214995568,-26.82,212.9441760701903,4.4,76.97553197771565,2.2,0.65,10000,1000,10,1
267,36,4.3936,8.714119521787614,-28.5714,543.8925943763729,4.761429438458254,25.585764605315305,-30.62,227.1553995782529,3.64,66.95669286839059,2.3,0.65,10000,1000,10,1
277,46,4.9275,10.002521869508708,-59.2407,1111.410411987353,5.4278300273838616,28.04376145148665,-42.28,301.72422068924965,6.9,171.6255678316997,2.4,0.65,10000,1000,10,1
287,56,5.5955,11.654641982918225,-52.0479,600.5824257590319,6.3970677286840845,32.31585647261908,-50.58,340.06062359934043,7.56,101.2317696532008,2.5,0.65,10000,1000,10,1
297,66,6.4038,13.627873845908614,-61.2387,754.8893840295557,7.619127628605913,38.21351092040052,-65.0,477.2145988728108,7.94,125.50112132226276,2.6,0.65,10000,1000,10,1
307,76,7.3147,15.725999615604728,-80.2197,931.6653239546356,8.860026061880555,43.20770748346302,-73.9,460.5170980536553,10.8,184.7126738401773,2.7,0.65,10000,1000,10,1
317,86,8.3942,18.085458422721832,-100.7991,1432.3461064547414,10.243574513335965,48.299116249255874,-102.54,590.6102187086202,10.36,139.4798044936476,2.8,0.65,10000,1000,10,1
327,96,9.6519,20.747667974738757,-99.4005,903.7950284467682,11.8090382074826,54.11451048336339,-114.32,588.0659144619549,14.32,185.618918858784,2.9,0.65,10000,1000,10,1
337,106,11.0248,23.604308610082185,-122.7771,1006.413583198098,13.45716308532698,59.1274466697874,-123.1,619.4326110853121,14.16,180.25188896193967,3.0,0.65,10000,1000,10,1
347,116,12.7033,26.94067313765564,-180.6192,1630.8435139669484,15.505195090123424,65.80765097882895,-163.5,802.934754772791,18.32,229.8644412825451,3.1,0.65,10000,1000,10,1
357,126,14.4635,30.24774483742548,-194.5053,2107.306823786434,17.39537740474773,72.5581931178536,-181.58,752.553876698362,24.26,382.69321631011576,3.2,0.65,10000,1000,10,1
367,136,16.7047,34.16967219494504,-218.0817,2013.8342126025905,19.83585810517419,79.53642993404615,-226.08,910.7111359137472,20.2,215.06414219605705,3.3,0.65,10000,1000,10,1
377,146,19.1515,38.30869023798647,-234.2655,1774.462836197325,22.350092023484255,87.22739816009081,-265.92,1107.4444441685066,22.44,258.2384849543366,3.4000000000000004,0.65,10000,1000,10,1
387,156,21.8018,42.49515403854891,-311.2884,2301.743760643092,24.588630162671027,93.60743764481356,-289.88,1016.3547034811857,32.46,371.7689734458239,3.5,0.65,10000,1000,10,1
397,166,25.0218,47.33846136874329,-367.9317,2745.7075671016955,27.608026683104487,100.85478274649223,-378.32,1337.399282669214,29.18,324.49816256143976,3.6,0.65,10000,1000,10,1
407,176,28.3797,52.20683602661629,-376.5231,2220.6447631674023,30.30036769514547,107.4586273988286,-399.0,1285.2440177719257,33.12,311.295287589786,3.7,0.65,10000,1000,10,1
417,186,32.0785,57.19588042639086,-454.545,3018.681139729292,33.22546803215482,115.3229675490953,-446.1,1580.805074785771,34.58,284.70393259125046,3.8,0.65,10000,1000,10,1
427,196,36.2289,62.53541480465288,-542.5569,3734.7291334355705,36.32317139333845,121.78153649825464,-521.26,1729.5176019669625,39.88,349.99119272275743,3.9,0.65,10000,1000,10,1
437,206,40.674,67.94190697941882,-592.0074,4181.238929006973,39.26240855774366,127.64544404773724,-572.38,1758.1803819362626,58.44,724.9422877250666,4.0,0.65,10000,1000,10,1
7,7,2.4867,3.5875650670057544,-11.0889,209.9830704742137,1.6766776954193352,8.606174531858523,-10.96,99.48300400977384,1.8,46.95721987138725,2.0,0.7,10000,1000,10,1
18,18,2.6681,4.059032198689732,-11.7882,207.79460917146065,1.884261607724944,9.592501010789183,-13.12,106.64428207967848,1.54,30.62224962698237,2.1,0.7,10000,1000,10,1
29,29,2.8592,4.59442873053876,-13.7862,239.3752876601807,2.1209951770454225,11.979782161691611,-13.26,107.65375670701565,1.46,31.90564522180521,2.2,0.7,10000,1000,10,1
40,40,3.0863,5.206769853757701,-18.4815,281.0825757658947,2.4006460677968,13.434699800028612,-19.32,141.35323014903963,2.82,52.19501922600661,2.3,0.7,10000,1000,10,1
51,51,3.3672,5.978307800707488,-22.0779,326.2040992124782,2.778170519695763,15.923962475107956,-25.16,232.76681988471623,2.34,53.20533319835592,2.4,0.7,10000,1000,10,1
62,62,3.6846,6.795595841425532,-34.0659,750.2440710687472,3.1789524681031045,17.465108931560817,-26.06,220.98361879555148,4.16,94.7818166067518,2.5,0.7,10000,1000,10,1
73,73,4.0452,7.740048899070341,-36.0639,574.9502451475515,3.627321765520672,19.37768717247785,-32.62,249.8363012409161,3.72,59.8207276112987,2.6,0.7,10000,1000,10,1
84,84,4.4284,8.725633125452847,-35.0649,546.3515380122022,4.0647123481785,21.556150786635943,-35.24,260.59342526880704,3.76,79.16115871375867,2.7,0.7,10000,1000,10,1
95,95,4.8929,9.841505453435463,-36.1638,469.32976531690514,4.579664760208888,23.43816815306349,-50.92,342.033408141995,4.74,88.57943910244165,2.8,0.7,10000,1000,10,1
106,106,5.4361,11.167216161156729,-62.1378,742.214886609633,5.245994093445861,26.386759591308422,-53.86,348.03909769069355,6.2,97.50133666296637,2.9,0.7,10000,1000,10,1
117,117,6.0798,12.716179927950058,-83.6163,1338.3892724685056,6.044632858100136,29.938294532528147,-68.48,414.930965789054,7.22,151.90187299010435,3.0,0.7,10000,1000,10,1
128,128,6.8169,14.411203086141004,-84.5154,868.7960584751534,6.9275051794129165,33.212241877379235,-85.4,471.8570810218822,6.04,83.83448706899931,3.1,0.7,10000,1000,10,1
139,139,7.5611,16.0680324492453,-97.5024,877.3878525137067,7.719489415027327,36.65731764259861,-85.26,500.1277288598557,12.26,273.4175709730662,3.2,0.7,10000,1000,10,1
150,150,8.5148,18.064295750457585,-130.0698,1209.901862540784,8.723054995093207,40.256219387170304,-112.5,572.2206686666997,13.82,191.06192207189423,3.3,0.7,10000,1000,10,1
161,161,9.6098,20.305416616262765,-138.1617,1368.214544746969,9.897425648992815,44.09929999574703,-128.8,645.8577809605786,10.42,158.4737675247842,3.4000000000000004,0.7,10000,1000,10,1
172,172,10.6917,22.51655504534386,-143.7561,1309.0958309467835,10.957014459302574,47.27289434050678,-133.54,644.525103980416,11.38,142.9844049328646,3.5,0.7,10000,1000,10,1
183,183,12.0304,25.17884977198125,-156.2436,1338.0330298232288,12.39033604522882,51.92286039507019,-169.44,787.2382490746246,14.64,193.67349158347463,3.6,0.7,10000,1000,10,1
194,194,13.4245,27.766067416002578,-202.1976,1690.383735745126,13.668114820855138,56.21478148460545,-182.74,755.2344869727755,15.16,196.2193278004495,3.7,0.7,10000,1000,10,1
205,205,15.0565,30.580361471866222,-265.5342,2293.717385462908,15.069391901682753,60.21238921354199,-229.1,979.9291893405422,18.74,316.6683443036712,3.8,0.7,10000,1000,10,1
216,216,16.8891,33.65812236578268,-258.1416,1688.0779593576617,16.65962550521454,64.66138967884363,-251.7,964.6015527748032,19.96,238.0236625346158,3.9,0.7,10000,1000,10,1
227,227,18.948,36.94794846808141,-276.6231,2234.574919879314,18.37187402493897,69.21629442025365,-296.36,1062.865804686498,17.0,187.6020241147339,4.0,0.7,10000,1000,10,1
238,7,2.0144,2.3805866167816703,-7.3926,167.60604656134694,0.9706434213047922,4.940448946210006,-8.86,90.23477506739376,1.06,23.04190732012641,2.0,0.75,10000,1000,10,1
248,17,2.1151,2.6096842701752254,-9.99,173.32868886436066,1.0444564426854084,5.185463295270979,-8.74,75.5789892652835,1.68,35.851166377303,2.1,0.75,10000,1000,10,1
258,27,2.2266,2.899664194350787,-8.5914,208.9090614253833,1.1534033501292085,5.909374933637649,-9.82,80.77264402012725,0.8,19.98499286950084,2.2,0.75,10000,1000,10,1
268,37,2.3498,3.2354350495721587,-13.3866,315.95962113640223,1.2762820382362907,6.66817718937024,-10.88,103.08582962185872,1.36,52.29171867881413,2.3,0.75,10000,1000,10,1
278,47,2.4863,3.575949148128368,-12.8871,224.58320755413024,1.39181233578083,7.123751288418868,-13.34,111.08230429655652,1.06,29.44423706448565,2.4,0.75,10000,1000,10,1
288,57,2.6337,3.952913395206123,-15.4845,262.9224459436815,1.529537425629106,7.771347558178254,-14.74,108.75621909352655,1.32,34.152221559127625,2.5,0.75,10000,1000,10,1
298,67,2.7941,4.415258224611557,-13.3866,205.7665559025392,1.712178138313047,9.666057394859022,-16.24,128.59982967181242,1.46,31.144267474764177,2.6,0.75,10000,1000,10,1
308,77,2.9552,4.816138801986504,-23.7762,445.93180827490113,1.837916602698925,10.189467461153344,-17.72,150.8650974472319,2.36,63.771757727918825,2.7,0.75,10000,1000,10,1
318,87,3.1601,5.384688290885555,-22.0779,470.9453980966253,2.068653823448958,11.671090616349645,-24.3,162.03745126840695,1.62,38.17749798160185,2.8,0.75,10000,1000,10,1
328,97,3.4018,6.01555955502063,-33.4665,512.7158527218688,2.3199921987887517,12.88428541449334,-30.48,235.7382592043245,2.68,64.69340092785633,2.9,0.75,10000,1000,10,1
338,107,3.6741,6.743299577358254,-25.2747,331.136324142228,2.637519784052785,14.56200202884634,-31.98,244.71057992410684,2.58,51.35764169757091,3.0,0.75,10000,1000,10,1
348,117,3.9551,7.461587229939752,-30.969,456.77346161803655,2.914475028882176,15.462498011563444,-36.72,247.68079493093077,3.3,63.761403306821634,3.1,0.75,10000,1000,10,1
358,127,4.2606,8.209183128667554,-43.8561,672.8382934477667,3.1812614095661096,16.567474768232195,-39.56,237.30283956111097,2.92,51.06598058822863,3.2,0.75,10000,1000,10,1
368,137,4.5804,9.003506863439378,-51.5484,684.5770221292581,3.4650350303676256,18.108471706997037,-43.22,298.34364832060584,4.42,85.98373637085112,3.3,0.75,10000,1000,10,1
378,147,5.0149,10.005192551370513,-57.0429,648.4131214104106,3.8929490847965527,19.629038107758934,-60.14,379.1062549671999,4.22,76.59489720489076,3.4000000000000004,0.75,10000,1000,10,1
388,157,5.4617,11.098222069773158,-64.6353,745.557660222455,4.345825114730269,21.32404579589513,-69.5,414.8625809784604,4.3,72.73265431634123,3.5,0.75,10000,1000,10,1
398,167,5.9985,12.343641996995862,-75.1248,772.2759277847676,4.893874929806121,23.75810626421795,-84.02,500.7132023135571,4.52,74.21671248473085,3.6,0.75,10000,1000,10,1
408,177,6.5453,13.596880080003649,-87.4125,891.3651954922423,5.427131364110719,25.568640848994736,-88.44,486.705305709174,5.64,108.11734058851798,3.7,0.75,10000,1000,10,1
418,187,7.1241,14.842819785674148,-107.892,1238.796160443159,5.913944814795368,27.78226823567141,-90.58,426.5694078880653,10.94,296.3597464399155,3.8,0.75,10000,1000,10,1
428,197,7.833,16.30151253718501,-120.2796,1161.1796661350666,6.520911786112545,29.687795112367617,-111.5,539.2817746626047,7.34,109.24888068897172,3.9,0.75,10000,1000,10,1
438,207,8.5868,17.886969160816484,-122.1777,1109.7743997968932,7.187405554418768,31.96956392475201,-124.84,528.0784611079197,7.34,103.45624543483078,4.0,0.75,10000,1000,10,1
8,8,1.6682,1.5684733851742592,-6.993,162.175690060023,0.5353971793642706,2.599739318341252,-5.62,57.52170437884699,0.58,20.486716929685333,2.0,0.8,10000,1000,10,1
19,19,1.7283,1.703138018482354,-6.3936,172.34419610544802,0.5725746996399695,2.797114763517295,-6.0,56.10984611886891,0.56,15.990996566728407,2.1,0.8,10000,1000,10,1
30,30,1.7831,1.8211135027779024,-7.992,158.39274592668764,0.5986123818125185,2.923251149286387,-5.86,56.65669773415862,0.88,25.441901049900007,2.2,0.8,10000,1000,10,1
41,41,1.856,1.9819344086018589,-8.0919,161.19846695600086,0.6479608681313249,3.209880754641619,-9.06,79.615012749013,0.96,23.814598747645345,2.3,0.8,10000,1000,10,1
52,52,1.9334,2.170752044799221,-8.0919,169.64559533684252,0.7057104418244738,3.470529857901006,-9.76,88.59755839037142,0.82,27.91783552774204,2.4,0.8,10000,1000,10,1
63,63,2.0171,2.3823113965222933,-10.1898,188.22472321829312,0.7792697128573435,3.93496342862852,-11.52,104.48148753785914,0.6,15.73736847368859,2.5,0.8,10000,1000,10,1
74,74,2.0904,2.547788813854084,-12.7872,302.09684766097223,0.8158534780049981,4.047231045623523,-9.82,85.1603947224467,1.52,50.89153755644928,2.6,0.8,10000,1000,10,1
85,85,2.1827,2.7755217005096533,-11.3886,158.8145062479479,0.8839993456354652,4.389912113170499,-12.36,107.70510869519563,0.68,16.720214010462175,2.7,0.8,10000,1000,10,1
96,96,2.276,3.0185466701709283,-8.991,150.58503346691006,0.9597231678236594,5.014649439158455,-13.22,117.63764474668028,0.32,9.793221672109334,2.8,0.8,10000,1000,10,1
107,107,2.3705,3.2769848565411466,-20.6793,403.6848107052697,1.0297393773501364,5.315187714004094,-13.34,111.4418517821418,1.4,42.31097992131818,2.9,0.8,10000,1000,10,1
118,118,2.4822,3.5551769519954983,-14.985,237.6290245957616,1.1057742016617726,5.630714673405389,-16.26,120.65267550622606,0.96,26.667386728952188,3.0,0.8,10000,1000,10,1
129,129,2.5989,3.834999190351936,-13.7862,192.1959203956777,1.183836047696878,5.821242838028505,-18.74,138.21259954239784,1.3,26.577822297242605,3.1,0.8,10000,1000,10,1
140,140,2.7253,4.211536526019927,-17.982,240.3457561186559,1.306835394845441,7.300515337737731,-21.04,195.69657154587932,0.74,16.597588619880884,3.2,0.8,10000,1000,10,1
151,151,2.8525,4.529497074731366,-22.7772,425.3655775302168,1.3971646350044955,7.735049492163376,-21.9,170.64378667327156,1.38,32.77503654158192,3.3,0.8,10000,1000,10,1
162,162,2.9827,4.885038455324584,-22.8771,276.82084201419394,1.4941298626677642,8.401754684514389,-22.42,161.145711683679,1.34,27.4641553298622,3.4000000000000004,0.8,10000,1000,10,1
173,173,3.1462,5.305659766701969,-34.1658,611.81541834198,1.6279193587427674,9.22419363215416,-29.64,200.91168943268352,1.2,26.50717380307268,3.5,0.8,10000,1000,10,1
184,184,3.3334,5.780834233914686,-35.6643,453.9090974549697,1.7744908050132269,9.834577495727634,-35.36,241.6185182282912,1.32,28.81563176582124,3.6,0.8,10000,1000,10,1
195,195,3.5354,6.290878065898274,-35.0649,446.6412461117567,1.9494593273100385,10.548102047851632,-38.52,255.0347307160088,2.0,48.45858874835655,3.7,0.8,10000,1000,10,1
206,206,3.7568,6.885771834732836,-33.2667,410.2083902889559,2.1557682448158166,11.469214677618288,-43.18,279.04708263558814,1.8,41.62851538704368,3.8,0.8,10000,1000,10,1
217,217,3.9751,7.407137098096673,-39.7602,451.9152082321452,2.3036989096378737,11.8971153113711,-43.32,264.4132542761495,1.82,42.99851726802594,3.9,0.8,10000,1000,10,1
228,228,4.205,7.960890339654228,-58.0419,864.3510860896702,2.457526048588145,12.540982018692302,-47.1,277.67841207060553,2.88,62.67454355510684,4.0,0.8,10000,1000,10,1
239,8,1.4411,1.0821879642649883,-3.2967,68.41202006635206,0.3160759563635593,1.5200565811119906,-5.2,51.58707321231029,0.18,7.744262221783039,2.0,0.85,10000,1000,10,1
249,18,1.4713,1.134097134287888,-4.995,101.76097436930554,0.3212949174122557,1.50733059603042,-4.28,40.17266464025544,0.48,18.324933296414255,2.1,0.85,10000,1000,10,1
259,28,1.5059,1.202482927113728,-4.995,105.611441390861,0.3341010867596206,1.5475362990077002,-4.96,44.17684415342426,0.28,11.99733277021855,2.2,0.85,10000,1000,10,1
269,38,1.5402,1.2799937343596648,-5.6943,106.04768200482204,0.3484671861470557,1.6301393003857645,-5.44,50.62274850565333,0.24,8.482310708733555,2.3,0.85,10000,1000,10,1
279,48,1.5739,1.3604921131708188,-3.996,75.9803598669324,0.3629085803875265,1.7176790347955155,-5.36,52.34065680172005,0.28,8.94033517041145,2.4,0.85,10000,1000,10,1
289,58,1.606,1.426591742580897,-5.994,105.55944980788964,0.3727260337722436,1.718159492838533,-5.38,48.73697907454802,0.34,9.99471807701167,2.5,0.85,10000,1000,10,1
299,68,1.6412,1.5121053402458442,-7.1928,135.32669123087268,0.3895245413770158,1.8834345464822888,-6.2,62.11236426493085,0.44,15.225950970573097,2.6,0.85,10000,1000,10,1
309,78,1.6852,1.6174983647596062,-8.7912,161.47119959110273,0.4148282250658538,2.1033112612054183,-8.0,65.17994202578159,0.4,11.655624623268196,2.7,0.85,10000,1000,10,1
319,88,1.7311,1.7102025581784166,-6.6933,128.93207042077736,0.4323842706859299,2.107391121950249,-8.82,72.37908173738677,0.24,8.482310708733555,2.8,0.85,10000,1000,10,1
329,98,1.772,1.8031128639106315,-7.992,148.64036979217053,0.4479897721926703,2.3039829839414403,-7.74,63.6906433458242,0.68,19.788298503806928,2.9,0.85,10000,1000,10,1
339,108,1.8173,1.8970821568925265,-11.6883,185.1967816348405,0.4660386254141317,2.359257834524268,-8.9,68.62405501056178,0.44,18.3259374657451,3.0,0.85,10000,1000,10,1
349,118,1.8732,2.0137332891919923,-12.1878,255.20038333577295,0.4903739435092619,2.3780702300920566,-11.22,89.39189387785174,0.54,20.682146288949603,3.1,0.85,10000,1000,10,1
359,128,1.9342,2.174182687816274,-12.3876,206.31346706143324,0.5301095134636807,2.677597381445909,-12.98,107.65072441858804,0.5,18.43323027572324,3.2,0.85,10000,1000,10,1
369,138,1.9919,2.315174807654921,-14.7852,324.6235384335684,0.5630043059406387,2.823465596808843,-12.46,92.2258041976105,1.02,54.21488287686817,3.3,0.85,10000,1000,10,1
379,148,2.0534,2.454780731552209,-15.2847,280.2079736495014,0.5940400445997773,2.93739309461302,-13.34,106.8605929172764,1.08,50.90277702906717,3.4000000000000004,0.85,10000,1000,10,1
389,158,2.1117,2.59819612616138,-14.7852,222.007153440104,0.6221203368325174,3.086690128331646,-13.18,107.29137311021044,0.74,23.738339261100123,3.5,0.85,10000,1000,10,1
399,168,2.1816,2.7697692033813937,-15.8841,199.42796348168392,0.6606240411156361,3.343000286204496,-16.36,115.610064305392,0.6,15.481084147973604,3.6,0.85,10000,1000,10,1
409,178,2.25,2.942329009475317,-16.3836,297.594561279823,0.7020887639175888,3.604121312166472,-17.02,128.79432595359077,0.58,17.541219154806306,3.7,0.85,10000,1000,10,1
419,188,2.3238,3.13294646618802,-17.5824,285.1937491560707,0.7428662626881318,3.8147107998467313,-18.82,148.17558233501236,0.56,19.383600604563632,3.8,0.85,10000,1000,10,1
429,198,2.3919,3.304317537707295,-19.2807,271.2701374207187,0.7747418089869501,3.88208058325945,-18.64,145.18491059964387,0.76,30.97609323067039,3.9,0.85,10000,1000,10,1
439,208,2.4768,3.517877450963862,-22.2777,308.9031276904455,0.8205960800624367,4.139872869184997,-20.94,136.20341969698748,0.38,13.411695916577283,4.0,0.85,10000,1000,10,1
9,9,1.2525,0.6843564495202775,-2.8971,63.90476737708504,0.155922233682965,0.7480957973735103,-3.42,32.74768451484942,0.08,3.999399894978244,2.0,0.9,10000,1000,10,1
20,20,1.2721,0.7240591067033133,-4.1958,77.27223539018539,0.1626541023358347,0.7848803451761625,-3.98,35.725162403030055,0.18,6.631138454271631,2.1,0.9,10000,1000,10,1
31,31,1.2907,0.759995730251164,-3.996,78.56370287569798,0.1679717439308846,0.7921538334820363,-4.22,38.81162498818392,0.16,7.481978214336096,2.2,0.9,10000,1000,10,1
42,42,1.3087,0.7968715768553928,-3.7962,81.074365682607,0.1727470753717771,0.8015841369433763,-4.2,39.37657998741321,0.22,11.48759315434038,2.3,0.9,10000,1000,10,1
53,53,1.3259,0.828667116519052,-4.4955,82.86545750887288,0.1748619285223776,0.7918039241811676,-4.22,41.016580013253154,0.3,10.766689006338762,2.4,0.9,10000,1000,10,1
64,64,1.3402,0.8546718434580608,-3.4965,81.700971185288,0.1752429166966672,0.7797804665438869,-3.36,31.82470237359835,0.2,8.483348202194222,2.5,0.9,10000,1000,10,1
75,75,1.3568,0.895820160523305,-4.5954,83.46008541468036,0.1805616022657513,0.8555253922852514,-4.16,41.1687246145498,0.2,8.483348202194223,2.6,0.9,10000,1000,10,1
86,86,1.3754,0.9366295105323128,-4.8951,98.27315735914732,0.1860931565617615,0.8912487967953479,-4.96,44.71686885098267,0.24,9.7955089300924,2.7,0.9,10000,1000,10,1
97,97,1.3959,0.97373671492863,-6.8931,118.43015596787104,0.1906017136976318,0.8918859976877391,-5.64,47.24842475008174,0.28,9.794447055312103,2.8,0.9,10000,1000,10,1
108,108,1.4179,1.0258945316161892,-7.5924,141.0828334661233,0.1994431737082274,0.960495649750612,-6.38,49.59376527503649,0.22,8.243688242503108,2.9,0.9,10000,1000,10,1
119,119,1.4411,1.079690136103873,-9.5904,134.43753111693653,0.2090980061980417,0.9969245296794854,-6.66,54.84473716337286,0.18,6.631138454271631,3.0,0.9,10000,1000,10,1
130,130,1.4611,1.1151173884394414,-7.7922,139.64974552179618,0.2119426656112865,0.9995353897684652,-6.44,51.834304080482745,0.32,12.958178554069391,3.1,0.9,10000,1000,10,1
141,141,1.4844,1.1591189067563343,-7.3926,113.66905705025036,0.2175152217594395,1.0063448038938303,-6.7,53.28596381218923,0.12,5.655864114340794,3.2,0.9,10000,1000,10,1
152,152,1.5069,1.200313454894179,-5.8941,143.61734881092167,0.221673257267218,1.0146214531288105,-7.44,53.37538096472299,0.46,21.443749285942136,3.3,0.9,10000,1000,10,1
163,163,1.5297,1.2571069604452916,-8.2917,111.3889624747718,0.2293474977496632,1.050829971940005,-7.5,63.5307296932873,0.32,9.37584079638002,3.4000000000000004,0.9,10000,1000,10,1
174,174,1.5515,1.3089491013786594,-7.992,124.52507452484636,0.2358215281923337,1.0950227241922466,-7.94,62.90748870534828,0.2,6.321708345031427,3.5,0.9,10000,1000,10,1
185,185,1.5752,1.368263483397843,-7.8921,116.66914599221448,0.2439526778170987,1.1766970739744602,-8.2,60.96828448604501,0.2,9.796407349620369,3.6,0.9,10000,1000,10,1
196,196,1.5978,1.4106151707677046,-8.5914,172.82709500109252,0.2474690994345617,1.1705370747879325,-8.76,65.02065186167277,0.1,5.999466589617447,3.7,0.9,10000,1000,10,1
207,207,1.6192,1.4571174832524658,-9.2907,138.48111746913204,0.2522872114623024,1.1924633957262276,-8.34,64.92199847962677,0.18,7.209216134901766,3.8,0.9,10000,1000,10,1
218,218,1.6464,1.5200549463752946,-10.3896,145.0923243665874,0.2616276287825789,1.2528176328186795,-9.4,68.87753197844086,0.16,6.322847288981759,3.9,0.9,10000,1000,10,1
229,229,1.6718,1.5801533976168265,-7.6923,122.5240581893757,0.2697032357718923,1.349266055313617,-10.54,73.3037907926627,0.22,8.715457298363177,4.0,0.9,10000,1000,10,1
240,9,1.1133,0.3917436789534708,-2.7972,56.44552667756933,0.0624847358638698,0.3195448712563925,-2.56,26.71175306443172,0.16,6.322847288981759,2.0,0.95,10000,1000,10,1
250,19,1.1197,0.4059210637550113,-3.3966,66.18236561949034,0.0632595398987714,0.3286424665307293,-2.96,28.97106025386753,0.02,2.0,2.1,0.95,10000,1000,10,1
260,29,1.1256,0.4178811314237579,-3.6963,66.91628834054178,0.0633721015130278,0.3225206981996344,-2.76,26.23835446678225,0.06,3.463755153006054,2.2,0.95,10000,1000,10,1
270,39,1.1337,0.4368344194314363,-2.0979,45.73412376549549,0.0655125878492781,0.3315542179777153,-3.12,27.970409978822943,0.0,0.0,2.3,0.95,10000,1000,10,1
280,49,1.141,0.450465314979966,-3.3966,66.18236561949035,0.0661275831895436,0.3301351428471384,-3.5,28.56276567768457,0.12,5.655864114340795,2.4,0.95,10000,1000,10,1
290,59,1.1485,0.4686659257936297,-3.2967,62.30348177665636,0.0680136928176171,0.3387382322791429,-3.58,30.31955684954441,0.04,2.8282856857099854,2.5,0.95,10000,1000,10,1
300,69,1.1546,0.4805193440435046,-3.4965,62.29258723469783,0.068092116289378,0.3312878669805481,-3.66,30.572828946418728,0.08,4.8985711794318165,2.6,0.95,10000,1000,10,1
310,79,1.1625,0.4960783708246108,-4.4955,76.60667880853346,0.0689716121375472,0.3327439858505112,-3.9,32.69398858642012,0.06,3.4637551530060544,2.7,0.95,10000,1000,10,1
320,89,1.1694,0.5135208272309897,-4.0959,68.3688213498176,0.070633184148257,0.3455481274264925,-3.94,32.07147109076527,0.04,2.8282856857099854,2.8,0.95,10000,1000,10,1
330,99,1.1765,0.5277762309918854,-4.3956,93.61604508325324,0.0713322315576257,0.344731290150113,-4.02,32.923365484097765,0.06,3.463755153006053,2.9,0.95,10000,1000,10,1
340,109,1.1841,0.5433297249368931,-4.5954,78.53091881138877,0.0723833400691766,0.3467732180554061,-4.14,34.219548473785785,0.08,3.999399894978244,3.0,0.95,10000,1000,10,1
350,119,1.1906,0.5573792604681305,-3.8961,72.62749603358229,0.0728574366251141,0.3517549726444055,-4.34,35.34528722379962,0.08,4.898571179431816,3.1,0.95,10000,1000,10,1
360,129,1.1962,0.5643629683102888,-4.7952,83.44884317893683,0.0717133149046353,0.3393035393727996,-4.08,34.28514470021545,0.12,4.897754465046201,3.2,0.95,10000,1000,10,1
370,139,1.2022,0.5736855933348859,-4.995,89.2180136541721,0.0711885213011472,0.3305341957898282,-3.84,31.896020686185317,0.04,2.8282856857099863,3.3,0.95,10000,1000,10,1
380,149,1.2096,0.5914962721776023,-4.7952,90.34063537522856,0.0726741046695361,0.3451094847559079,-4.16,33.92358296153422,0.04,2.828285685709986,3.4000000000000004,0.95,10000,1000,10,1
390,159,1.2172,0.6094457810174749,-3.7962,70.54141673306165,0.074144050065781,0.3491785754636914,-4.68,37.65951969877463,0.04,2.8282856857099863,3.5,0.95,10000,1000,10,1
400,169,1.2233,0.6216406598670972,-6.4935,107.86848343571847,0.0742480636692656,0.3570924172212134,-4.76,37.22204921944532,0.1,5.290822174287094,3.6,0.95,10000,1000,10,1
410,179,1.2321,0.6397105517341417,-6.0939,96.15195371187347,0.0756423589705499,0.3608819586625421,-5.26,39.503018224496266,0.0,0.0,3.7,0.95,10000,1000,10,1
420,189,1.24,0.6562011886609167,-4.5954,75.94646065043803,0.0766939865989574,0.3599918635860584,-5.66,42.00167632465886,0.08,3.999399894978244,3.8,0.95,10000,1000,10,1
430,199,1.2487,0.6729400493357487,-5.4945,90.85177034140511,0.077738889639345,0.3643675314445573,-6.06,42.70197590129276,0.16,6.926701806761423,3.9,0.95,10000,1000,10,1
440,209,1.2573,0.6917345661451363,-7.5924,111.88574486604816,0.0793578549286678,0.3725056394628919,-6.7,46.46854777796762,0.08,4.898571179431815,4.0,0.95,10000,1000,10,1
10,10,1.0218,0.155963970198248,-1.6983,41.15685685030599,0.0116319195839977,0.0996726698438796,-1.96,19.904723555025328,0.0,0.0,2.0,0.99,10000,1000,10,1
21,21,1.0227,0.1593257982876596,-2.1978,46.80802254162663,0.011530278109342,0.0967938188519665,-2.0,20.10075630518424,0.0,0.0,2.1,0.99,10000,1000,10,1
32,32,1.0236,0.1619970370099404,-2.7972,52.79069196246425,0.0113546512524184,0.0928625960658483,-2.1,20.58233133627781,0.0,0.0,2.2,0.99,10000,1000,10,1
43,43,1.0249,0.1657708961187095,-3.0969,55.53846201027039,0.011350312432108,0.0895629342253795,-2.28,21.42072558874873,0.0,0.0,2.3,0.99,10000,1000,10,1
54,54,1.0264,0.1705961312574233,-2.7972,54.64867171205526,0.0114904878366787,0.0877743833437596,-2.4,21.77814107638378,0.0,0.0,2.4,0.99,10000,1000,10,1
65,65,1.0278,0.1755766499281724,-2.7972,58.18691986971292,0.0116635467718139,0.0872042350900427,-2.56,22.66048873645441,0.02,2.0,2.5,0.99,10000,1000,10,1
76,76,1.0289,0.1790664401835251,-3.3966,64.65667295009617,0.0116384942203801,0.0852358411539282,-2.68,23.170483100891808,0.0,0.0,2.6,0.99,10000,1000,10,1
87,87,1.0304,0.1851373544155797,-3.1968,59.85768425186862,0.0119500159869101,0.0863921925272355,-2.92,24.48537427435684,0.02,1.999999999999999,2.7,0.99,10000,1000,10,1
98,98,1.0317,0.1899871311431382,-2.8971,53.72241916948772,0.0121070240909468,0.0863354436819057,-3.02,25.03881575133742,0.0,0.0,2.8,0.99,10000,1000,10,1
109,109,1.0327,0.1924336509033698,-3.3966,58.15500588006926,0.0119684233431474,0.0835740721524956,-3.12,25.42302564651388,0.0,0.0,2.9,0.99,10000,1000,10,1
120,120,1.0339,0.1953222721555327,-3.996,63.05896944418563,0.0118915918647364,0.0810602093432026,-3.26,25.950717600374706,0.0,0.0,3.0,0.99,10000,1000,10,1
131,131,1.0353,0.1991328953237008,-3.996,66.14887717410734,0.0119295540695797,0.0795105673340321,-3.4,26.61786714004539,0.0,0.0,3.1,0.99,10000,1000,10,1
142,142,1.0366,0.2026337582931333,-4.1958,67.62881950827479,0.0119406591775062,0.078030210835578,-3.56,27.191916814266765,0.02,2.0,3.2,0.99,10000,1000,10,1
153,153,1.0383,0.2074442334701063,-4.1958,67.62881950827479,0.0121141364331446,0.0774417784583336,-3.78,28.10321296681049,0.0,0.0,3.3,0.99,10000,1000,10,1
164,164,1.0392,0.2108633680846438,-4.2957,68.35655728167079,0.0121229631583216,0.0771327559005678,-3.86,28.516341247990017,0.02,2.0,3.4000000000000004,0.99,10000,1000,10,1
175,175,1.041,0.2156826372242328,-4.3956,70.50660124216648,0.0122967465813233,0.0765239152793245,-4.18,29.57389155160596,0.06,3.463755153006054,3.5,0.99,10000,1000,10,1
186,186,1.0426,0.221777456022924,-3.3966,61.49182899331662,0.0126205244732791,0.0795923130948181,-4.34,30.3522079205544,0.06,4.471957048092479,3.6,0.99,10000,1000,10,1
197,197,1.0439,0.2262140358156407,-3.0969,55.53846201027039,0.0127408446284656,0.0795432061324004,-4.44,30.92542704965965,0.0,0.0,3.7,0.99,10000,1000,10,1
208,208,1.0452,0.2292530479622899,-2.997,56.43526986706537,0.0127156509710195,0.0780003108240885,-4.6,31.28798321703365,0.0,0.0,3.8,0.99,10000,1000,10,1
219,219,1.0457,0.2306762016333718,-4.1958,69.08890931328276,0.0125177593731723,0.0763769202444326,-4.54,31.104423295005027,0.02,2.0,3.9,0.99,10000,1000,10,1
230,230,1.0467,0.2326351435187727,-4.995,74.59498653530022,0.0123850347386568,0.0744648545338742,-4.68,31.53088992879792,0.0,0.0,4.0,0.99,10000,1000,10,1
