beta_conf,v_conf,N,i0,T,v,beta,beta_grad,beta_grad_se,v_grad,v_grad_se,total_size_mean,total_size_se,N_samples
10,10,1000,1,10,0.01,2.0,332.0944890492089,19.73115111175226,-866.8323,69.47988179102667,310.9844,4.0439459943951475,10000
10,10,1000,1,10,0.05,2.0,306.12893585702676,18.500644234559175,-1025.1738,155.60757502390373,276.003,3.796344012584501,10000
10,10,1000,1,10,0.1,2.0,270.98042261596095,16.633373749485987,-867.132,116.49726813786647,235.639,3.494838865780478,10000
10,10,1000,1,10,0.15,2.0,231.79268616129602,14.594684027038415,-728.6706,75.32172508152274,197.0288,3.1714205410006393,10000
10,10,1000,1,10,0.2,2.0,202.60914516072125,12.910696452213863,-637.9614,42.24999858803634,166.1201,2.886614882894359,10000
10,10,1000,1,10,0.25,2.0,174.3412303413439,11.462998564141794,-560.3391,30.18832601079186,134.8323,2.5629791071839403,10000
10,10,1000,1,10,0.3,2.0,145.46900052669466,9.828462325800169,-483.8157,44.686415033455134,107.7289,2.2560220885544107,10000
10,10,1000,1,10,0.35,2.0,105.57568375263035,8.059053383057478,-393.5061,46.929772398659885,82.7053,1.9135937733238813,10000
10,10,1000,1,10,0.4,2.0,82.28568953081395,6.693517891114218,-327.2724,38.3638801696334,63.9338,1.644868754970471,10000
10,10,1000,1,10,0.45,2.0,57.29852105506023,5.6500914986483215,-291.1086,28.375280600119492,49.7735,1.4147363951216383,10000
10,10,1000,1,10,0.5,2.0,50.568252694147695,4.5166403521642,-205.3944,18.51918675084452,35.1683,1.1337657606362077,10000
10,10,1000,1,10,0.55,2.0,34.649333040418504,3.699593621436406,-219.8799,44.949316971420366,24.9958,0.9177427653838202,10000
10,10,1000,1,10,0.6,2.0,22.246015485389982,2.551220619425461,-92.1078,8.849908854140175,17.4309,0.7093327412524967,10000
10,10,1000,1,10,0.65,2.0,14.186766493647319,1.9076061442771535,-105.1947,23.858709997471898,11.9909,0.5463538706499638,10000
10,10,1000,1,10,0.7,2.0,8.250344831989125,1.1470287002021649,-53.4465,7.178142632111714,7.4517,0.38599565538435476,10000
10,10,1000,1,10,0.75,2.0,5.78758679348716,1.0779237856371013,-27.0729,3.970712572623766,4.8554,0.27511677158581366,10000
10,10,1000,1,10,0.8,2.0,4.01476852446843,0.7347354228191566,-17.0829,3.0039289075554314,3.3193,0.20420045184439076,10000
10,10,1000,1,10,0.85,2.0,1.3537865770239463,0.31521927540849565,-9.1908,1.7452050176387182,2.1008,0.10240172140767324,10000
10,10,1000,1,10,0.9,2.0,0.4333709908758281,0.08219080899129864,-5.994,1.0927615518405278,1.5317,0.0498436349978107,10000
10,10,1000,1,10,0.95,2.0,0.14960657180773315,0.035146532248205416,-3.7962,0.9882800900097254,1.1849,0.017247056128351573,10000
10,10,1000,1,10,0.99,2.0,0.0199952917231518,0.0039406379578881354,-2.6973,0.5373282231866695,1.0271,0.0028455875907927503,10000
10,10,1000,1,10,0.01,2.1,330.80346502781714,19.98798765134351,-989.4096,129.60335387001456,343.2108,4.198551628825587,10000
10,10,1000,1,10,0.05,2.1,304.05279292201146,18.796952846284707,-951.048,111.83394634271411,306.3854,3.957088270615421,10000
10,10,1000,1,10,0.1,2.1,282.7169145948751,16.99605877801572,-848.6505,113.82632133772006,262.9426,3.663964832575967,10000
10,10,1000,1,10,0.15,2.1,241.5363730373818,15.017619438128209,-797.5017,86.25592553725652,222.3535,3.3486545003137076,10000
10,10,1000,1,10,0.2,2.1,211.70308327297684,13.337792152752995,-718.1811,49.71885573473947,188.3561,3.0615581920217223,10000
10,10,1000,1,10,0.25,2.1,183.88104382138175,12.00335028028384,-623.1762,65.37991860908889,153.7862,2.7302741380020548,10000
10,10,1000,1,10,0.3,2.1,152.8045977573581,10.367605099810056,-614.4849,54.77614423574311,124.4382,2.428078440777286,10000
10,10,1000,1,10,0.35,2.1,115.00498937449683,8.383190071582792,-625.9734,116.37725854126228,95.7711,2.0712010664985634,10000
10,10,1000,1,10,0.4,2.1,89.68810598156192,7.0094790478816025,-354.4452,19.700588640418182,74.16,1.7884826269803968,10000
10,10,1000,1,10,0.45,2.1,63.849269851012146,5.991761420558871,-336.0636,30.113087608547154,58.9257,1.559062495712585,10000
10,10,1000,1,10,0.5,2.1,55.46261106643267,4.8566726164395355,-309.2904,43.23676270457469,41.3296,1.2541915467852598,10000
10,10,1000,1,10,0.55,2.1,38.2445890906449,3.9502324050272972,-205.9938,21.361644807061143,29.5967,1.018909359334408,10000
10,10,1000,1,10,0.6,2.1,24.136778829857114,2.7295921139661017,-164.3355,24.366661965388463,20.5426,0.7908045116851383,10000
10,10,1000,1,10,0.65,2.1,16.13553381524637,2.1259694609592454,-108.9909,15.006372789723352,14.3237,0.6243860165160348,10000
10,10,1000,1,10,0.7,2.1,9.455647717129885,1.2566588182093954,-84.8151,11.90040858389515,8.8046,0.43509388935407417,10000
10,10,1000,1,10,0.75,2.1,7.022937574610316,1.2231920754511132,-36.5634,6.595700556015748,5.6045,0.3129057349664552,10000
10,10,1000,1,10,0.8,2.1,4.562429950796562,0.8009490414733709,-22.4775,3.3103660041879306,3.7333,0.22879430017852154,10000
10,10,1000,1,10,0.85,2.1,1.546465320350671,0.343503239317955,-10.989,2.1117326083955175,2.3028,0.12054428359914394,10000
10,10,1000,1,10,0.9,2.1,0.4774254226817566,0.10307950985735405,-6.3936,1.6034375164286598,1.6035,0.060193447318707474,10000
10,10,1000,1,10,0.95,2.1,0.15966612022965626,0.03718217574900728,-2.3976,0.5466766292404457,1.2067,0.02032384847615451,10000
10,10,1000,1,10,0.99,2.1,0.0211504409416601,0.004028417601958607,-2.5974,0.5087548471252606,1.0303,0.003289266320517803,10000
10,10,1000,1,10,0.01,2.2,321.05722101915455,19.88819243755301,-1025.2737,120.73220390535745,375.0277,4.3238727086711375,10000
10,10,1000,1,10,0.05,2.2,306.1434422476491,18.79206503549078,-1049.0499,115.04726737056357,335.8923,4.09062596091921,10000
10,10,1000,1,10,0.1,2.2,287.9845736832292,17.250490809844248,-871.7274,125.26754650662596,289.9824,3.8066714073773658,10000
10,10,1000,1,10,0.15,2.2,243.70932093386008,15.284603234740597,-861.138,104.66828330515699,247.2217,3.50031509088604,10000
10,10,1000,1,10,0.2,2.2,214.72292237244997,13.657663967668931,-824.7744,84.28938020445986,210.0965,3.213464310376328,10000
10,10,1000,1,10,0.25,2.2,185.82030460007007,12.287221972204797,-756.3429,78.47198719243288,172.8753,2.8810982884528205,10000
10,10,1000,1,10,0.3,2.2,159.78388513354665,10.739306657803587,-828.8703,110.26429655277006,140.5962,2.5749992576064304,10000
10,10,1000,1,10,0.35,2.2,125.953291260066,8.774610527923791,-426.9726,22.383020798518924,109.6478,2.2190195538331854,10000
10,10,1000,1,10,0.4,2.2,96.45302609349093,7.192599200405518,-380.619,22.641300065384165,85.4771,1.928963985605946,10000
10,10,1000,1,10,0.45,2.2,70.22606972919245,6.338992950044875,-368.3313,47.026248430192396,68.1946,1.6926491778298065,10000
10,10,1000,1,10,0.5,2.2,61.38847361011038,5.056767623393219,-291.3084,38.64576452808949,47.8524,1.3670643466628745,10000
10,10,1000,1,10,0.55,2.2,42.785515649929685,4.169806166217137,-238.0617,26.061445254670492,34.3414,1.1164275998301754,10000
10,10,1000,1,10,0.6,2.2,26.56297434967267,2.881362943181541,-212.9868,69.81761497329045,24.0977,0.8785858334719936,10000
10,10,1000,1,10,0.65,2.2,18.317621670078193,2.3273742597905316,-139.9599,17.44042505765895,16.8344,0.6975970339860847,10000
10,10,1000,1,10,0.7,2.2,10.911047295655937,1.4259148965091413,-88.1118,16.939188083830047,10.377,0.4892302134171315,10000
10,10,1000,1,10,0.75,2.2,8.209431724429777,1.3161745907878126,-48.6513,7.808764570099558,6.4997,0.35220772992582366,10000
10,10,1000,1,10,0.8,2.2,5.182114959111447,0.8869610443133392,-21.4785,3.0308901800136754,4.2038,0.25447428607273315,10000
10,10,1000,1,10,0.85,2.2,1.6812418807499985,0.3738019662054343,-12.2877,2.731423584937173,2.5301,0.14001110566655417,10000
10,10,1000,1,10,0.9,2.2,0.5546757631117762,0.13288890027486436,-5.5944,1.3975505513641937,1.7012,0.07427303349366063,10000
10,10,1000,1,10,0.95,2.2,0.1697662915718088,0.043019355496864156,-2.997,0.6620166657317402,1.2253,0.023635774918237783,10000
10,10,1000,1,10,0.99,2.2,0.023586177323026657,0.004472628801596253,-3.0969,0.555384620102704,1.0336,0.0036233157248139673,10000
10,10,1000,1,10,0.01,2.3,325.29717747720133,19.983842556688074,-1060.8381,151.65277802980484,404.6606,4.424969576882945,10000
10,10,1000,1,10,0.05,2.3,301.3523348739016,18.71236347836903,-843.156,56.83783350742868,364.5293,4.200436170274828,10000
10,10,1000,1,10,0.1,2.3,278.9042835584429,17.334276115672495,-785.0142,35.36258413147265,315.8595,3.926728276246085,10000
10,10,1000,1,10,0.15,2.3,241.32659747020202,15.461072481467525,-989.9091,125.11090133096677,271.8632,3.632064999169456,10000
10,10,1000,1,10,0.2,2.3,219.0692982549764,13.799737197372826,-829.2699,69.09846796936218,231.8005,3.349954099569414,10000
10,10,1000,1,10,0.25,2.3,188.6153801438018,12.53038469763483,-735.4638,73.63574898771556,192.8621,3.027940896214141,10000
10,10,1000,1,10,0.3,2.3,165.51835441438823,11.15868879263569,-606.4929,39.825807357643455,156.8016,2.7154179555293734,10000
10,10,1000,1,10,0.35,2.3,135.13219736225528,9.093936506445267,-614.0853,67.1577429430599,123.9021,2.3558087093451587,10000
10,10,1000,1,10,0.4,2.3,100.73794247635915,7.403938270726872,-450.6489,34.48012001502465,96.9091,2.0591255191244056,10000
10,10,1000,1,10,0.45,2.3,77.44403479153259,6.7065265067985536,-394.1055,30.901294580610223,77.4054,1.8115565513662222,10000
10,10,1000,1,10,0.5,2.3,65.06592068782014,5.28630010683882,-370.1295,54.052969471471634,55.6528,1.4876613656507605,10000
10,10,1000,1,10,0.55,2.3,46.10367474876342,4.347881050296957,-326.1735,71.57277662697727,39.5151,1.21028104802997,10000
10,10,1000,1,10,0.6,2.3,29.218159587784957,3.1621919189435683,-176.0238,14.823536661919542,28.1528,0.9683732750835236,10000
10,10,1000,1,10,0.65,2.3,20.49499976140228,2.52633077448325,-192.1077,32.626164347193374,19.7664,0.7764540109930007,10000
10,10,1000,1,10,0.7,2.3,12.451795632058534,1.5451771964625851,-98.8011,12.396751879407564,12.2688,0.5519338526977444,10000
10,10,1000,1,10,0.75,2.3,9.350515822864782,1.3821189867125638,-60.3396,8.33923603173236,7.4673,0.3917085863657615,10000
10,10,1000,1,10,0.8,2.3,5.684993782487721,0.9329366916538389,-42.957,7.024330100190029,4.7021,0.28146640633082537,10000
10,10,1000,1,10,0.85,2.3,1.9598486546147194,0.4114059498393087,-24.7752,7.550497806648832,2.8091,0.16316276513896416,10000
10,10,1000,1,10,0.9,2.3,0.6537226857500036,0.16504705667040517,-8.0919,1.759984369230873,1.8059,0.08562275190955063,10000
10,10,1000,1,10,0.95,2.3,0.1963352665095893,0.061680292036546555,-6.0939,1.327751671333564,1.2517,0.028390056543287353,10000
10,10,1000,1,10,0.99,2.3,0.024933950575553393,0.004806436880061642,-3.1968,0.5816633220326168,1.0365,0.003946939679458419,10000
10,10,1000,1,10,0.01,2.4,330.7177805927219,19.847075472878263,-939.5595,104.36651729908061,434.1003,4.508250669206476,10000
10,10,1000,1,10,0.05,2.4,304.26053971900444,18.68267541978084,-1258.74,175.08748772198334,393.2979,4.293879371333638,10000
10,10,1000,1,10,0.1,2.4,276.33852174166276,17.186114349986596,-1260.9378,177.8961691485595,340.6894,4.025861578458566,10000
10,10,1000,1,10,0.15,2.4,248.2330531360561,15.46579800116586,-1023.0759,115.23560267593659,295.5759,3.74326821769613,10000
10,10,1000,1,10,0.2,2.4,222.03704063988653,14.075011088177838,-758.5407,42.63961530752486,253.4884,3.4689586007794033,10000
10,10,1000,1,10,0.25,2.4,183.6833608434071,12.686138645419733,-733.7655,67.84498860637295,211.8591,3.1529639869350374,10000
10,10,1000,1,10,0.3,2.4,171.65919049816117,11.449135576062174,-987.4116,139.74293694137478,173.2543,2.8384210234814806,10000
10,10,1000,1,10,0.35,2.4,144.14181100497757,9.43120119218691,-650.0493,98.78956811791335,138.6903,2.4895361290016984,10000
10,10,1000,1,10,0.4,2.4,105.00311944792713,7.673336245242245,-507.492,33.12138545609246,108.6647,2.181206008921747,10000
10,10,1000,1,10,0.45,2.4,82.81088655218045,6.919668147096213,-526.3731,70.37587301241714,87.3834,1.9299400009546224,10000
10,10,1000,1,10,0.5,2.4,68.70044225915565,5.47633671680366,-378.4212,37.912742074403106,63.2998,1.5917328900777716,10000
10,10,1000,1,10,0.55,2.4,48.85615433865628,4.493055496362316,-283.1166,23.655520838211466,44.9455,1.3026510518750964,10000
10,10,1000,1,10,0.6,2.4,31.349317894866516,3.3500950483224057,-223.3764,27.775750315389537,32.206,1.049904474864563,10000
10,10,1000,1,10,0.65,2.4,22.861216256291726,2.599654627944182,-151.5483,17.56819361657328,22.7279,0.8493928613911811,10000
10,10,1000,1,10,0.7,2.4,13.616340646012322,1.647558046686419,-149.1507,23.561507162338472,14.1401,0.6059520979363793,10000
10,10,1000,1,10,0.75,2.4,11.221705286628332,1.5531815047386568,-113.4864,47.94096600323815,8.6277,0.43541553479382655,10000
10,10,1000,1,10,0.8,2.4,6.204184002914818,0.9614062364610133,-38.3616,6.131965156800259,5.2391,0.30641739878999713,10000
10,10,1000,1,10,0.85,2.4,2.2980195658303364,0.4574549516575461,-22.2777,3.848647360686828,3.0905,0.18566846326941278,10000
10,10,1000,1,10,0.9,2.4,0.7574474343848026,0.18372716780632847,-7.6923,1.3117913941390125,1.9172,0.09695367150057672,10000
10,10,1000,1,10,0.95,2.4,0.212342487575009,0.06149435845626128,-3.7962,0.7983378112566686,1.2812,0.03260397150495303,10000
10,10,1000,1,10,0.99,2.4,0.030293128078844853,0.00900311437952312,-3.2967,0.5901257084267509,1.0396,0.004790143896362069,10000
10,10,1000,1,10,0.01,2.5,316.99551198835854,19.863877168464327,-1106.1927,126.12394814707592,463.1527,4.570732744107099,10000
10,10,1000,1,10,0.05,2.5,297.0648950828355,18.528092035661142,-1005.2937,105.11261862822901,421.0588,4.367947931371105,10000
10,10,1000,1,10,0.1,2.5,273.8163521310598,17.28701097153028,-1045.0539,129.669131170365,365.5423,4.107642834282991,10000
10,10,1000,1,10,0.15,2.5,241.86314985154536,15.610821813510588,-1214.6841,188.94834166658507,317.5865,3.8343860216977816,10000
10,10,1000,1,10,0.2,2.5,221.29511475539152,14.248812821824453,-928.8702,133.75225856778042,273.9124,3.5685988682411813,10000
10,10,1000,1,10,0.25,2.5,187.5145345782988,12.787669832830803,-895.4037,86.4019076768427,230.8211,3.2689298676672416,10000
10,10,1000,1,10,0.3,2.5,172.76867241771936,11.562679322420243,-693.306,55.56493108691012,189.7115,2.9495200581844436,10000
10,10,1000,1,10,0.35,2.5,149.21365394886502,9.729028864313074,-625.0743,38.26582973790722,153.6342,2.6116924269081294,10000
10,10,1000,1,10,0.4,2.5,110.79310366144166,8.038583233207332,-524.6748,38.910866676277536,120.8169,2.298192660851052,10000
10,10,1000,1,10,0.45,2.5,90.29712749781737,7.241881208355613,-481.7178,39.396383360639916,97.0326,2.0373717928022397,10000
10,10,1000,1,10,0.5,2.5,70.90443950679554,5.762993226045991,-449.1504,40.58708505947855,71.6931,1.704927379384793,10000
10,10,1000,1,10,0.55,2.5,51.73496011839176,4.718031557017521,-384.2154,59.75829039227399,50.8688,1.3927687601098446,10000
10,10,1000,1,10,0.6,2.5,33.05203180225393,3.550702021176645,-238.8609,24.389776851718153,36.7542,1.131056350091678,10000
10,10,1000,1,10,0.65,2.5,24.552265216996418,2.7669921061922094,-170.1297,13.29411530858578,25.5641,0.9139128803087739,10000
10,10,1000,1,10,0.7,2.5,14.766324866395054,1.757702932077927,-123.876,13.799277806798402,16.3929,0.6692806785061571,10000
10,10,1000,1,10,0.75,2.5,11.959582109959522,1.5946895775428223,-70.6293,9.085871929265926,9.8825,0.4789699892478233,10000
10,10,1000,1,10,0.8,2.5,7.109593848597008,1.044928535082037,-31.7682,3.5433016136801774,5.8538,0.33415919678033595,10000
10,10,1000,1,10,0.85,2.5,2.6210739808388555,0.5452475544865245,-25.1748,7.550365615424772,3.3948,0.20646291674196354,10000
10,10,1000,1,10,0.9,2.5,0.8531901332257338,0.20934000679196924,-13.1868,2.394090590924194,2.0313,0.10733146805761833,10000
10,10,1000,1,10,0.95,2.5,0.23268816743290868,0.07007843968182971,-3.8961,0.9093434780296736,1.3127,0.03821593799439808,10000
10,10,1000,1,10,0.99,2.5,0.03150515475695643,0.010558350459865345,-3.2967,0.5901257084267509,1.0411,0.005109176975691573,10000
10,10,1000,1,10,0.01,2.6,297.8041598925549,19.704004726374237,-937.3617,75.2120033274727,487.4242,4.614364337724117,10000
10,10,1000,1,10,0.05,2.6,281.55360095615106,18.34606317283365,-1072.3266,116.51518863243302,444.6532,4.42299010366536,10000
10,10,1000,1,10,0.1,2.6,268.21198959038185,17.14617931492331,-1337.2614,192.1094221355484,390.091,4.178804651180918,10000
10,10,1000,1,10,0.15,2.6,241.07551075185518,15.590807219914527,-1039.1598,118.95953561870466,339.3476,3.9161254961140006,10000
10,10,1000,1,10,0.2,2.6,224.235426952782,14.520702396306922,-1000.5984,118.47687759661903,293.3841,3.658603672824167,10000
10,10,1000,1,10,0.25,2.6,187.67457489340285,12.890265935436664,-931.9671,122.14929010530139,249.937,3.370622525991493,10000
10,10,1000,1,10,0.3,2.6,167.07968287626576,11.565928257943177,-906.8922,128.1359750774497,206.15,3.052623386687931,10000
10,10,1000,1,10,0.35,2.6,157.47671583253756,10.031313263505625,-738.5607,65.96221967637243,168.9496,2.724552727465643,10000
10,10,1000,1,10,0.4,2.6,111.76412417260427,8.257963771214875,-544.3551,31.000157838614324,132.4417,2.400011763670665,10000
10,10,1000,1,10,0.45,2.6,94.99554887010022,7.457826738641302,-539.5599,62.095589618154065,106.8323,2.1347900249242433,10000
10,10,1000,1,10,0.5,2.6,73.47108947507857,5.949948949481609,-465.3342,53.59773147991449,79.9564,1.8059975117937623,10000
10,10,1000,1,10,0.55,2.6,53.32514135224592,4.887357299799484,-339.9597,39.61342785463321,57.2973,1.484829836457809,10000
10,10,1000,1,10,0.6,2.6,34.94140460245617,3.7330426104935146,-264.3354,23.28705259650837,41.5511,1.2144150523074584,10000
10,10,1000,1,10,0.65,2.6,26.32944148027568,2.8815112667131357,-231.0687,38.809458607223185,28.8403,0.9799790791086049,10000
10,10,1000,1,10,0.7,2.6,16.547531154108075,1.9326408577167,-124.1757,10.889413107910565,18.5685,0.7283846135041013,10000
10,10,1000,1,10,0.75,2.6,13.122157972057298,1.6406541553938894,-131.4684,31.437042269316763,11.3452,0.5231130551064868,10000
10,10,1000,1,10,0.8,2.6,7.5947346411676335,1.0718946479860036,-45.3546,5.874369892000911,6.4822,0.360324148046126,10000
10,10,1000,1,10,0.85,2.6,2.955038112457115,0.6261256786644742,-23.2767,3.7694395712332516,3.791,0.23221185183881857,10000
10,10,1000,1,10,0.9,2.6,0.940480297152588,0.23662150671192073,-11.988,1.938671816074357,2.2335,0.12958108234109664,10000
10,10,1000,1,10,0.95,2.6,0.25875494491295414,0.07444979332061537,-6.5934,1.5268294496966075,1.3529,0.04600899740033657,10000
10,10,1000,1,10,0.99,2.6,0.030672999637577004,0.009764431038564047,-3.0969,0.555384620102704,1.043,0.005211316127580265,10000
10,10,1000,1,10,0.01,2.7,292.085806093565,19.38843485873014,-943.3557,85.98587812112741,509.4272,4.643257019979764,10000
10,10,1000,1,10,0.05,2.7,278.2320045851644,18.099581590784126,-1171.3275,163.85757662429313,466.172,4.462999520285859,10000
10,10,1000,1,10,0.1,2.7,259.8017164224308,17.032372777699546,-1151.5473,150.14380792034666,412.5921,4.231059108293902,10000
10,10,1000,1,10,0.15,2.7,234.45762631424802,15.576395838308006,-1160.838,153.0096312655566,360.5991,3.9804434867177925,10000
10,10,1000,1,10,0.2,2.7,230.6665676900168,14.773629026482386,-862.5366,80.22348761280901,314.0305,3.7386822506696324,10000
10,10,1000,1,10,0.25,2.7,183.34474906707044,12.98126236319788,-914.2848,111.5313026923694,267.8608,3.454356822976174,10000
10,10,1000,1,10,0.3,2.7,171.53642189394822,11.683989345540772,-814.4847,96.00250744631721,222.2352,3.142129934638066,10000
10,10,1000,1,10,0.35,2.7,161.8217691354273,10.109844907967645,-794.8044,93.63481869455006,183.3508,2.823286731583045,10000
10,10,1000,1,10,0.4,2.7,113.8344448766574,8.393560829195115,-688.2111,69.65715360893358,144.8913,2.4979691418058674,10000
10,10,1000,1,10,0.45,2.7,96.77585360936426,7.643374936115165,-633.8655,71.60513067912756,117.0214,2.2290295537473583,10000
10,10,1000,1,10,0.5,2.7,76.07602602859065,6.1356615628640885,-589.41,77.70149149912191,88.1168,1.897470346315724,10000
10,10,1000,1,10,0.55,2.7,56.705757392035494,5.137817559099209,-396.0036,62.12473634314493,63.7928,1.577298885434653,10000
10,10,1000,1,10,0.6,2.7,37.51837192856386,3.910612786645659,-279.6201,17.515474140343304,46.6081,1.293712990106027,10000
10,10,1000,1,10,0.65,2.7,28.81303100498989,2.9880659378739027,-229.1706,19.61950883794669,32.3128,1.0469399237474868,10000
10,10,1000,1,10,0.7,2.7,17.546578794152317,2.026570201059347,-172.3275,17.75990438275903,20.8225,0.782305170322267,10000
10,10,1000,1,10,0.75,2.7,13.495251295645156,1.6127017992663526,-172.7271,45.00473941508318,12.8684,0.5689861708954507,10000
10,10,1000,1,10,0.8,2.7,8.107076056795574,1.0758691081710163,-82.0179,18.675981253083748,7.2306,0.38848201269996935,10000
10,10,1000,1,10,0.85,2.7,3.220004641783622,0.6712632354481609,-38.7612,6.873104711430885,4.1658,0.2523703233623387,10000
10,10,1000,1,10,0.9,2.7,0.9979256268624839,0.2722854094673945,-18.3816,3.770820582702218,2.4206,0.1444012283032023,10000
10,10,1000,1,10,0.95,2.7,0.2911446479524464,0.08724041405102849,-4.6953,1.03235801062287,1.3968,0.0535182342397394,10000
10,10,1000,1,10,0.99,2.7,0.03215580512728645,0.010350121428171348,-3.3966,0.5815500588006927,1.0451,0.005574020628827728,10000
10,10,1000,1,10,0.01,2.8,268.03716752877443,18.909645516361635,-1149.3495,169.25582513027143,532.7979,4.658612129406808,10000
10,10,1000,1,10,0.05,2.8,259.18166390488716,17.816529881160776,-1045.953,126.75420096290803,490.4154,4.490675281150049,10000
10,10,1000,1,10,0.1,2.8,242.6481222075615,16.684861816551503,-1138.4604,149.70419763754862,434.3205,4.271032766212875,10000
10,10,1000,1,10,0.15,2.8,237.34732771462117,15.384761079534293,-1110.6882,133.0837667401064,380.4373,4.0346656713510916,10000
10,10,1000,1,10,0.2,2.8,227.70430914927726,14.582198884154838,-925.9731,89.33046174725192,333.2656,3.801262512025779,10000
10,10,1000,1,10,0.25,2.8,186.35376227985708,12.983182491531116,-1105.1937,143.41917983747,285.4246,3.5270446943456206,10000
10,10,1000,1,10,0.3,2.8,172.1521423780041,11.756343040861745,-1003.5954,147.3745243040712,238.4294,3.224258939064078,10000
10,10,1000,1,10,0.35,2.8,155.70174658341426,10.141057088367532,-703.9953,47.215335366141,197.6377,2.9108970363148545,10000
10,10,1000,1,10,0.4,2.8,113.35823032092792,8.570934430450173,-913.7853,140.69086128688446,157.5646,2.5898922558426416,10000
10,10,1000,1,10,0.45,2.8,96.95580010624253,7.7531323903306575,-777.4218,109.12123051653798,127.5204,2.3195215145347627,10000
10,10,1000,1,10,0.5,2.8,76.39303354445177,6.354267014125883,-586.7127,63.286781635416155,96.429,1.9849432626338686,10000
10,10,1000,1,10,0.55,2.8,59.127386100579635,5.282410772204233,-351.5481,20.64450707321123,70.0602,1.6567876726168667,10000
10,10,1000,1,10,0.6,2.8,40.146674569205885,4.006728287647579,-310.4892,38.24052554852978,51.6046,1.369950204292194,10000
10,10,1000,1,10,0.65,2.8,30.98757019864692,3.1078708918564,-249.6501,28.127204191112913,35.8284,1.1066706227829186,10000
10,10,1000,1,10,0.7,2.8,18.565856569268135,2.138899207329082,-172.827,14.706310551736093,23.3027,0.8376481198619565,10000
10,10,1000,1,10,0.75,2.8,14.371645607384963,1.6245323891638555,-107.5923,11.60060356569346,14.4179,0.6127960654743029,10000
10,10,1000,1,10,0.8,2.8,8.677707249286797,1.1031316052863644,-75.6243,11.863773979145668,8.0781,0.4198689903242482,10000
10,10,1000,1,10,0.85,2.8,3.5641833909773863,0.7346781429861368,-37.3626,5.370776217255899,4.5739,0.2719113227795885,10000
10,10,1000,1,10,0.9,2.8,1.1361691467369222,0.3082616240887264,-15.3846,2.2641840078063713,2.6125,0.1589858547959614,10000
10,10,1000,1,10,0.95,2.8,0.41253110503554746,0.14373265604535485,-5.994,1.2780031946816728,1.464,0.06713211654720273,10000
10,10,1000,1,10,0.99,2.8,0.03251805596560968,0.00982029248219788,-3.2967,0.5901257084267509,1.0483,0.005911024024693358,10000
10,10,1000,1,10,0.01,2.9,248.2426312593755,18.69946505925066,-1115.883,142.69697054076255,552.6068,4.669769017161702,10000
10,10,1000,1,10,0.05,2.9,232.93763092424143,17.48728302448378,-1015.5834,105.71285738454942,509.9568,4.511215434874064,10000
10,10,1000,1,10,0.1,2.9,226.31920535885482,16.392810155674482,-1022.2767,115.17558001441483,455.28,4.30187988408018,10000
10,10,1000,1,10,0.15,2.9,230.79608329921444,15.12900848352117,-1064.6343,136.3793513760955,399.3684,4.0753173777408955,10000
10,10,1000,1,10,0.2,2.9,223.63913571126778,14.27403010191005,-1018.5804,111.72693971643287,350.4863,3.8532484650751972,10000
10,10,1000,1,10,0.25,2.9,184.09318253342826,13.005825527829678,-882.7164,81.86764880005477,302.3286,3.5861805826423647,10000
10,10,1000,1,10,0.3,2.9,173.0405404417168,11.767482687444533,-1014.8841,151.4586904289,254.332,3.2973763974879593,10000
10,10,1000,1,10,0.35,2.9,155.25764709959634,10.252924332277475,-679.8195,27.485350868839447,211.5495,2.991656139268108,10000
10,10,1000,1,10,0.4,2.9,116.06143622644635,8.686932065422493,-815.184,98.91388906275675,170.3048,2.673841785275499,10000
10,10,1000,1,10,0.45,2.9,101.28625761189198,7.852410758640808,-719.0802,94.6339689004101,137.4497,2.3983371299902587,10000
10,10,1000,1,10,0.5,2.9,75.23774979809653,6.5067263871556404,-525.474,38.5464027682096,104.4221,2.060986050294604,10000
10,10,1000,1,10,0.55,2.9,62.63002903361216,5.440939169962459,-471.7278,63.848615173210064,76.7699,1.7353896142106853,10000
10,10,1000,1,10,0.6,2.9,41.41244321030085,4.160038238000394,-376.9227,41.04374530614069,56.8736,1.4443572131158924,10000
10,10,1000,1,10,0.65,2.9,33.58874095567722,3.2130050630742626,-254.8449,17.219703339567417,39.4351,1.1657964002876713,10000
10,10,1000,1,10,0.7,2.9,20.202581788422393,2.2148059745726174,-181.3185,15.90893417059796,25.7529,0.8894315448680132,10000
10,10,1000,1,10,0.75,2.9,14.745253393168346,1.661347948211802,-157.6422,31.358551900169804,16.0111,0.6550385066723348,10000
10,10,1000,1,10,0.8,2.9,9.294153719420278,1.1331796977731825,-74.3256,11.223492057103241,9.0165,0.45024956995262555,10000
10,10,1000,1,10,0.85,2.9,3.741324052185986,0.786996909549587,-35.0649,4.557113443518024,4.9966,0.29092043983575894,10000
10,10,1000,1,10,0.9,2.9,1.3345841178549518,0.3498121732865039,-19.2807,2.9892721564878553,2.8379,0.17582830806895638,10000
10,10,1000,1,10,0.95,2.9,0.43035961727195937,0.14757882665453018,-9.99,1.9346519164448628,1.5023,0.07313299060226817,10000
10,10,1000,1,10,0.99,2.9,0.032170618963692416,0.009225845136757132,-3.996,0.6462239386914522,1.0501,0.006153274354238388,10000
10,10,1000,1,10,0.01,3.0,224.46056860937384,18.145549795600424,-1104.2946,146.69989472917982,572.7916,4.666758618200009,10000
10,10,1000,1,10,0.05,3.0,204.483465411651,17.144297749477083,-1300.7979,194.34678639422816,529.3694,4.518982986811027,10000
10,10,1000,1,10,0.1,3.0,208.5753577778875,16.197832572391686,-1406.3922,200.54342072657877,473.7835,4.325824009146791,10000
10,10,1000,1,10,0.15,3.0,207.1527180944676,14.917287265276876,-1121.4774,148.0763819114207,419.613,4.10968150728364,10000
10,10,1000,1,10,0.2,3.0,209.33590566300015,14.014131962407303,-1025.8731,128.50174013437092,367.1019,3.892057479377878,10000
10,10,1000,1,10,0.25,3.0,182.86588685563186,12.800640169714638,-1040.958,143.76500178443084,319.577,3.641104026384456,10000
10,10,1000,1,10,0.3,3.0,170.58766762457486,11.69904818571662,-1011.1878,114.86991527687607,268.6896,3.3565525066140354,10000
10,10,1000,1,10,0.35,3.0,152.12981810712003,10.369815759800101,-956.7423,144.34522894284012,225.0092,3.061273926217831,10000
10,10,1000,1,10,0.4,3.0,113.66251166904338,8.816667017595694,-803.0961,100.94303278836696,182.8601,2.751124773897243,10000
10,10,1000,1,10,0.45,3.0,102.70411967916102,7.850065809337275,-800.6985,112.7787565257399,147.1165,2.471912536465195,10000
10,10,1000,1,10,0.5,3.0,76.69675614286436,6.58984686070808,-537.9615,46.323090184379964,112.6247,2.133665544985152,10000
10,10,1000,1,10,0.55,3.0,63.085154260978065,5.493490544118565,-501.0984,45.73139289242492,83.102,1.805508699997476,10000
10,10,1000,1,10,0.6,3.0,43.12565387464845,4.263893268987962,-358.9407,23.210670899022052,62.2631,1.518326558877549,10000
10,10,1000,1,10,0.65,3.0,34.26582850465457,3.2476820122269565,-298.6011,32.72092030796901,43.1683,1.2226317926346575,10000
10,10,1000,1,10,0.7,3.0,21.06352891366294,2.2355497845543435,-189.4104,14.951248495705704,28.1233,0.9388485465560125,10000
10,10,1000,1,10,0.75,3.0,15.86376717104853,1.7536967410559965,-153.9459,22.993245247028923,17.6771,0.696724497962865,10000
10,10,1000,1,10,0.8,3.0,9.55900930468841,1.1592148320422582,-89.6103,12.542967370061824,9.8503,0.47862536206799733,10000
10,10,1000,1,10,0.85,3.0,4.006157175924872,0.8178688378896507,-61.3386,12.985459142822753,5.4618,0.3115935222823364,10000
10,10,1000,1,10,0.9,3.0,1.5220425975539456,0.37970285792686204,-23.976,3.627308109164685,3.068,0.1917131007294471,10000
10,10,1000,1,10,0.95,3.0,0.4690730900542148,0.1598045282082702,-6.6933,1.2176574774887428,1.555,0.08017381295677789,10000
10,10,1000,1,10,0.99,3.0,0.033514090127722065,0.009401301030803479,-3.3966,0.6309409794077013,1.0535,0.0065336087887461125,10000
10,10,1000,1,10,0.01,3.1,203.7081915290696,17.758325132572686,-853.9452,36.73912575546435,589.4663,4.6631075372139295,10000
10,10,1000,1,10,0.05,3.1,191.51703907297826,16.798230952278455,-1273.2255,205.03911609738756,546.1479,4.522310313503062,10000
10,10,1000,1,10,0.1,3.1,203.82213643195627,15.919546787336639,-1372.626,218.95116516544303,492.3027,4.338401004932457,10000
10,10,1000,1,10,0.15,3.1,198.2561922233308,14.59646917052605,-1090.2087,144.098320582073,436.9032,4.135747949777211,10000
10,10,1000,1,10,0.2,3.1,197.4724573116711,13.724076613003596,-1049.5494,146.32007983510755,383.3267,3.9245825805497017,10000
10,10,1000,1,10,0.25,3.1,180.00432934627938,12.581214603140412,-1139.3595,147.39456321476888,334.3306,3.6796066013689677,10000
10,10,1000,1,10,0.3,3.1,166.4933009137635,11.544635326429766,-820.8783,62.42959890573433,283.1074,3.409343838492226,10000
10,10,1000,1,10,0.35,3.1,146.990812498182,10.301716410629531,-766.7325,53.276106880578375,237.6393,3.124111196264893,10000
10,10,1000,1,10,0.4,3.1,110.21777193588593,8.776940698233446,-813.6855,93.92594042194833,194.8935,2.8203247293410896,10000
10,10,1000,1,10,0.45,3.1,104.46712831918084,7.898659645861742,-795.6036,111.69242075097138,157.4112,2.544020726252355,10000
10,10,1000,1,10,0.5,3.1,77.32557630319086,6.586106442419274,-602.8965,74.36307231745621,121.1002,2.2007686462369067,10000
10,10,1000,1,10,0.55,3.1,64.80458621354812,5.629951674840365,-551.7477,48.078146020587646,89.6151,1.869560445886969,10000
10,10,1000,1,10,0.6,3.1,44.00528251898892,4.362101138219914,-463.1364,60.24351992827808,67.9929,1.594724634419674,10000
10,10,1000,1,10,0.65,3.1,35.600718392474484,3.3263510035689023,-369.0306,42.48153023876973,46.9138,1.2781892323624748,10000
10,10,1000,1,10,0.7,3.1,22.24384880132811,2.335436636130726,-209.9898,15.474687050907633,30.8805,0.9922056889516,10000
10,10,1000,1,10,0.75,3.1,16.40344099767503,1.7980153235630354,-163.9359,22.169841843997393,19.2983,0.73627941873262,10000
10,10,1000,1,10,0.8,3.1,9.948156224431452,1.1697662627382357,-98.0019,15.51932182682721,10.8917,0.5123480137169616,10000
10,10,1000,1,10,0.85,3.1,4.402761371886652,0.8930250396520145,-34.3656,3.7222708235259243,6.0268,0.33606261616579497,10000
10,10,1000,1,10,0.9,3.1,1.7181495904328237,0.4087352582418314,-33.4665,9.615707892381204,3.3188,0.20739628245896255,10000
10,10,1000,1,10,0.95,3.1,0.5031423690061213,0.1720517260251732,-8.5914,1.8128294789295456,1.597,0.08556185588869791,10000
10,10,1000,1,10,0.99,3.1,0.03860200625818775,0.012042768649379918,-3.1968,0.5642430362852516,1.0583,0.0073495246479792905,10000
10,10,1000,1,10,0.01,3.2,194.3346725856741,17.443467503825783,-909.3897,92.64272365732808,604.9398,4.654652229365115,10000
10,10,1000,1,10,0.05,3.2,188.23938549649634,16.420090227455834,-1424.6739,228.98467700531012,562.4981,4.518075537249796,10000
10,10,1000,1,10,0.1,3.2,194.1954513286454,15.577220787457724,-1004.2947,121.02395304652005,506.9431,4.342658083957613,10000
10,10,1000,1,10,0.15,3.2,184.92087824738422,14.369980662851242,-1216.2825,171.4796981749676,453.821,4.151373209656365,10000
10,10,1000,1,10,0.2,3.2,185.98565435812012,13.591695228221688,-1147.9509,160.35254984269199,399.4332,3.9492368251253422,10000
10,10,1000,1,10,0.25,3.2,170.9849444977726,12.259694349064109,-929.1699,93.63993157303085,349.4022,3.7153482023549924,10000
10,10,1000,1,10,0.3,3.2,158.93010137416005,11.200666397412263,-857.6415,46.96435727637731,296.8554,3.453178311806286,10000
10,10,1000,1,10,0.35,3.2,144.07786490188087,10.234188250661308,-1043.2557,140.13246657641702,249.7566,3.1811167451099,10000
10,10,1000,1,10,0.4,3.2,111.50395870624652,8.817741485330178,-732.267,44.92605674938103,206.2204,2.8817267180063637,10000
10,10,1000,1,10,0.45,3.2,105.75496331575266,7.921963309178876,-714.1851,74.76486831645754,167.2731,2.6052741922877716,10000
10,10,1000,1,10,0.5,3.2,77.60778769292506,6.712680244800125,-759.8394,92.34836887051156,129.6126,2.2656090153742445,10000
10,10,1000,1,10,0.55,3.2,67.7969742512604,5.750316813781642,-566.9325,79.30848663074804,96.5745,1.9349230211263622,10000
10,10,1000,1,10,0.6,3.2,46.13968857730549,4.4826566148497,-427.6719,41.66245585665635,73.5406,1.6563592689289295,10000
10,10,1000,1,10,0.65,3.2,37.04561195231832,3.4303347961879394,-378.8208,35.27284108773458,51.1002,1.3370018748668004,10000
10,10,1000,1,10,0.7,3.2,22.761204970016138,2.466046893308244,-231.4683,17.971281764424504,33.6694,1.0446229817888406,10000
10,10,1000,1,10,0.75,3.2,16.193388690595764,1.8317551967237193,-169.4304,18.503300166924024,20.8942,0.7742474323784705,10000
10,10,1000,1,10,0.8,3.2,10.189097636180728,1.191692659502141,-117.882,24.160646997419864,11.8766,0.5420722843681901,10000
10,10,1000,1,10,0.85,3.2,4.721959717312832,0.9311734296140868,-82.4175,24.63442002005218,6.6326,0.36124375624935434,10000
10,10,1000,1,10,0.9,3.2,1.7555887175781664,0.44450636525694565,-26.3736,4.242176449466339,3.5605,0.2224807941045126,10000
10,10,1000,1,10,0.95,3.2,0.5460051936010814,0.18162380660620578,-14.0859,3.02534348503426,1.6514,0.09218621173344403,10000
10,10,1000,1,10,0.99,3.2,0.043409939453819914,0.012559627430462508,-3.6963,0.6540771730658644,1.0695,0.01041526873308021,10000
10,10,1000,1,10,0.01,3.3,188.04926846167103,17.166120501360435,-1228.8699,201.21936372454604,620.6343,4.6356614859254135,10000
10,10,1000,1,10,0.05,3.3,179.2252591531,16.234772688504428,-1188.3105,175.8089463685261,576.0306,4.513998170614653,10000
10,10,1000,1,10,0.1,3.3,181.6304067570563,15.141659787861093,-974.3247,111.55120406109357,520.228,4.3443074502528285,10000
10,10,1000,1,10,0.15,3.3,171.6254090649251,14.136274598572987,-1000.3986,133.2440522871426,467.9846,4.161362275731709,10000
10,10,1000,1,10,0.2,3.3,177.190092203177,13.372668073204752,-1044.3546,113.21115710916166,413.7172,3.965428242262171,10000
10,10,1000,1,10,0.25,3.3,162.3888178696184,12.095190778211558,-895.104,70.40175658157527,362.7364,3.7419081334463455,10000
10,10,1000,1,10,0.3,3.3,151.95797564263745,11.039990330860478,-1115.5833,155.70304302776785,310.8047,3.491252869737603,10000
10,10,1000,1,10,0.35,3.3,137.77503946382754,10.183737912284233,-957.1419,103.31478122117045,262.1808,3.2288693517801375,10000
10,10,1000,1,10,0.4,3.3,108.98561890553904,8.763044288066746,-946.7523,123.85857121233376,217.4902,2.936329643206525,10000
10,10,1000,1,10,0.45,3.3,108.04530692254028,7.891727598819122,-875.6235,119.48171649483625,176.5732,2.6593602583844085,10000
10,10,1000,1,10,0.5,3.3,79.01914553780483,6.6535130233101185,-674.2251,55.42666656492747,137.7737,2.3230238338864027,10000
10,10,1000,1,10,0.55,3.3,69.23746338786347,5.824896277306521,-589.9095,65.26481433552081,103.7978,1.9971142826743307,10000
10,10,1000,1,10,0.6,3.3,47.48008206928438,4.609685415099429,-429.3702,28.250108460995367,78.5797,1.7112477265636228,10000
10,10,1000,1,10,0.65,3.3,38.319043300430415,3.5212786220010286,-350.9487,28.30308397300671,55.3385,1.394099861278711,10000
10,10,1000,1,10,0.7,3.3,23.141140116013784,2.568788151498038,-325.3743,42.97078595912047,36.6791,1.0966325057211557,10000
10,10,1000,1,10,0.75,3.3,16.148136867387237,1.8466304984720665,-209.6901,37.000259784880065,22.8214,0.817349249821408,10000
10,10,1000,1,10,0.8,3.3,10.370307658413688,1.2340311042970369,-113.2866,14.875248062016801,12.9627,0.5730395346761253,10000
10,10,1000,1,10,0.85,3.3,4.998901886644232,0.9678731978652187,-74.5254,12.837052665140732,7.1525,0.38121859495139226,10000
10,10,1000,1,10,0.9,3.3,1.8931632855909768,0.4751250453006864,-35.2647,7.889673458269284,3.8544,0.23906780503769337,10000
10,10,1000,1,10,0.95,3.3,0.5876537563408674,0.19021411697956908,-11.7882,2.0244203570044896,1.7435,0.1032286607035036,10000
10,10,1000,1,10,0.99,3.3,0.05086605719267246,0.01659278340919891,-3.8961,0.6226886899562734,1.0746,0.011659205706555263,10000
10,10,1000,1,10,0.01,3.4000000000000004,183.49623675800643,16.852876142825977,-1206.792,193.88688240510362,634.1553,4.615924270812768,10000
10,10,1000,1,10,0.05,3.4000000000000004,176.28407451581185,16.03275367969042,-1203.5952,190.97248365522466,589.9507,4.501492267039233,10000
10,10,1000,1,10,0.1,3.4000000000000004,169.07624250869145,14.826191393940908,-1144.7541,173.65350915949745,533.7811,4.342534720535796,10000
10,10,1000,1,10,0.15,3.4000000000000004,168.6008866826347,13.854012065670823,-953.2458,111.10733741702668,481.4589,4.165046404571529,10000
10,10,1000,1,10,0.2,3.4000000000000004,172.139305426186,12.980337948285962,-1074.2247,147.4842160280168,428.7578,3.9758741568926887,10000
10,10,1000,1,10,0.25,3.4000000000000004,154.75440008996864,12.0183568787172,-923.3757,96.08168845019583,375.9646,3.763631311213769,10000
10,10,1000,1,10,0.3,3.4000000000000004,138.61986666171805,10.82567222011069,-1084.3146,132.19326411300372,323.8207,3.520559627269494,10000
10,10,1000,1,10,0.35,3.4000000000000004,135.53277955937253,10.072246152461508,-814.7844,53.391529536943345,273.551,3.2669383325227996,10000
10,10,1000,1,10,0.4,3.4000000000000004,110.19208449518946,8.673807365566715,-937.7613,120.81366239111482,228.0872,2.9855103896728754,10000
10,10,1000,1,10,0.45,3.4000000000000004,109.09791310299542,7.897737674516776,-726.4728,50.6558524990475,186.0304,2.709501652980627,10000
10,10,1000,1,10,0.5,3.4000000000000004,82.59853096297519,6.599906797698203,-674.4249,71.5412828680856,145.6648,2.376741941044806,10000
10,10,1000,1,10,0.55,3.4000000000000004,71.24632480086782,5.853357093032945,-750.249,103.28543467731328,110.5806,2.051880160141707,10000
10,10,1000,1,10,0.6,3.4000000000000004,50.017576769854294,4.778706856054575,-527.3721,70.55232600598399,83.84,1.7672847788483197,10000
10,10,1000,1,10,0.65,3.4000000000000004,39.961757664241254,3.61902739792815,-365.4342,29.42433694286906,59.6278,1.4490436430501143,10000
10,10,1000,1,10,0.7,3.4000000000000004,24.210278876842512,2.6953857063803333,-297.0027,27.383288045369724,39.4543,1.1412498044962052,10000
10,10,1000,1,10,0.75,3.4000000000000004,16.08693584249399,1.9536874793204981,-228.9708,28.77795839464072,24.8665,0.8598664342812087,10000
10,10,1000,1,10,0.8,3.4000000000000004,11.179093425006098,1.313704615103534,-122.2776,12.767601373723565,14.1543,0.6042119631061901,10000
10,10,1000,1,10,0.85,3.4000000000000004,5.156982570710945,0.9839807817558309,-75.5244,8.638661035537433,7.7517,0.4031054131469966,10000
10,10,1000,1,10,0.9,3.4000000000000004,2.061678140959979,0.508017596029833,-45.6543,8.350357561583314,4.1492,0.255168307245438,10000
10,10,1000,1,10,0.95,3.4000000000000004,0.629523658616033,0.20653399182424018,-10.6893,1.48806503564395,1.8018,0.10928653178961743,10000
10,10,1000,1,10,0.99,3.4000000000000004,0.05907484515612554,0.020038551749657033,-3.8961,0.6226886899562735,1.0794,0.012797106727462244,10000
10,10,1000,1,10,0.01,3.5,175.60327063335296,16.37286746271433,-964.6344,104.64752201079567,646.2036,4.594459108551737,10000
10,10,1000,1,10,0.05,3.5,171.1564926225055,15.590387111233506,-1111.0878,146.40026725185396,601.7536,4.485422560947745,10000
10,10,1000,1,10,0.1,3.5,160.03042333888123,14.578169436517587,-1257.3414,187.05937880177078,547.8385,4.330073342945883,10000
10,10,1000,1,10,0.15,3.5,162.37055076295914,13.64542190850019,-958.1409,118.3996971598892,495.3423,4.160202180338009,10000
10,10,1000,1,10,0.2,3.5,163.5887482166541,12.872846671774118,-1370.4282,190.38782669067808,440.5822,3.982178953693307,10000
10,10,1000,1,10,0.25,3.5,147.05971111605876,11.904035198080447,-914.085,75.24628773673366,387.3447,3.7784082157775787,10000
10,10,1000,1,10,0.3,3.5,136.37533282919057,10.64886382589016,-1031.0679,130.9430461380907,335.6872,3.5454314044979633,10000
10,10,1000,1,10,0.35,3.5,136.0146026883429,10.034337344963665,-877.6215,93.02004799814247,284.3981,3.301855879178206,10000
10,10,1000,1,10,0.4,3.5,111.1955236464352,8.593428342731126,-910.089,74.92227174150682,238.9738,3.0290206285122583,10000
10,10,1000,1,10,0.45,3.5,106.74814952759769,7.812147976113391,-673.9254,32.02280803531961,195.0808,2.755637316636223,10000
10,10,1000,1,10,0.5,3.5,80.80094396197819,6.5167807360635495,-843.9552,89.09291610913507,153.591,2.4270777289840253,10000
10,10,1000,1,10,0.55,3.5,71.54409765242106,5.92592565676987,-680.5188,67.8642261602082,117.5658,2.1045384898503343,10000
10,10,1000,1,10,0.6,3.5,51.30151518494206,4.8139530100913035,-533.5659,42.28759921431399,89.0511,1.81769077921848,10000
10,10,1000,1,10,0.65,3.5,40.59749526935677,3.6701575583688477,-388.8108,37.57719375644484,64.1418,1.5048281762580091,10000
10,10,1000,1,10,0.7,3.5,26.537516490589717,2.842753800297535,-289.5102,27.775414184362898,42.3825,1.1870240275492312,10000
10,10,1000,1,10,0.75,3.5,16.497964861250598,2.066394099043362,-221.6781,24.29450474004554,26.8494,0.8971473565150433,10000
10,10,1000,1,10,0.8,3.5,11.778974957369838,1.3255697336239691,-128.3715,13.301958086600212,15.2881,0.6322657715230076,10000
10,10,1000,1,10,0.85,3.5,5.347139223240296,0.9932622244875188,-85.8141,12.493802490202311,8.3404,0.42422629524695643,10000
10,10,1000,1,10,0.9,3.5,2.317481680432826,0.552489624846646,-45.2547,9.06027552130967,4.5141,0.2727600042546416,10000
10,10,1000,1,10,0.95,3.5,0.6520176651578345,0.20912913663052993,-10.5894,1.68029510501221,1.8504,0.11580329453129748,10000
10,10,1000,1,10,0.99,3.5,0.06529301546768435,0.023632321150600946,-6.0939,1.193134621617163,1.086,0.014626065505774886,10000
10,10,1000,1,10,0.01,3.6,181.0562755111593,15.832729948246895,-1070.1288,159.53859040076716,657.6893,4.567695265728117,10000
10,10,1000,1,10,0.05,3.6,166.90583464703136,15.199204376059493,-765.4338,12.72500071851018,612.9147,4.467646880546394,10000
10,10,1000,1,10,0.1,3.6,159.35049595092073,14.299700596924218,-1159.6392,168.42665015516576,559.974,4.3163715848807405,10000
10,10,1000,1,10,0.15,3.6,157.63869672733153,13.32001555757627,-1156.6422,169.79361686509517,507.1522,4.152816869585178,10000
10,10,1000,1,10,0.2,3.6,149.6598094630814,12.340623175292698,-1151.2476,162.93667820395697,452.9645,3.982229611567234,10000
10,10,1000,1,10,0.25,3.6,141.6674885959466,11.591559689016272,-1104.9939,139.0348939946411,399.3542,3.7891013978483494,10000
10,10,1000,1,10,0.3,3.6,126.9691438894026,10.374895063655764,-1114.1847,138.08294617004987,347.4385,3.5633841432590794,10000
10,10,1000,1,10,0.35,3.6,134.1809846217728,9.787440184941884,-866.3328,75.34689049002003,295.2633,3.3304403193246173,10000
10,10,1000,1,10,0.4,3.6,112.88591310936744,8.5156349796422,-972.7263,118.84865889689706,248.9294,3.065584463421982,10000
10,10,1000,1,10,0.45,3.6,103.39495171798032,7.759796868909913,-918.9801,109.63793044895415,204.3548,2.7986104576638335,10000
10,10,1000,1,10,0.5,3.6,79.5450767089351,6.498588844241327,-724.1751,59.523610868537546,160.9426,2.4697153074583293,10000
10,10,1000,1,10,0.55,3.6,70.49485079462893,5.782426124649377,-696.2031,76.02739322466012,124.886,2.15925792805769,10000
10,10,1000,1,10,0.6,3.6,51.617331688599734,4.862997164219517,-641.4579,85.45726820342223,94.3462,1.8659685523662617,10000
10,10,1000,1,10,0.65,3.6,40.33040839746033,3.7332948836778876,-578.7207,87.55845669096139,68.3,1.5509374199780175,10000
10,10,1000,1,10,0.7,3.6,27.77199711628887,2.892713878724298,-312.9867,17.89538900742545,45.3896,1.2300482523276497,10000
10,10,1000,1,10,0.75,3.6,15.915618429914309,2.1358898477829396,-213.8859,21.792715178049804,28.8671,0.934318949261383,10000
10,10,1000,1,10,0.8,3.6,12.25747281911772,1.3707452367686173,-131.7681,15.374020013691188,16.5842,0.6625670309810582,10000
10,10,1000,1,10,0.85,3.6,5.706839605907036,1.0586164320826743,-89.6103,9.144739833918402,9.0802,0.45194975678084554,10000
10,10,1000,1,10,0.9,3.6,2.357949731438977,0.5655703097815924,-55.4445,17.495700262771514,4.8554,0.2876528871788883,10000
10,10,1000,1,10,0.95,3.6,0.651822520802045,0.2150926114368862,-13.8861,2.622516404506975,1.8995,0.12013934959592604,10000
10,10,1000,1,10,0.99,3.6,0.06567301086974268,0.022333423327924394,-4.7952,0.7325809260261407,1.0953,0.016681415346480533,10000
10,10,1000,1,10,0.01,3.7,166.0354780279538,15.459805828712955,-965.9331,134.17155493992735,666.9482,4.54463834264538,10000
10,10,1000,1,10,0.05,3.7,161.90729261467908,14.745888252012216,-927.8712,100.94910654489357,624.464,4.441093529928654,10000
10,10,1000,1,10,0.1,3.7,153.36158912119745,13.918570511797025,-992.007,112.24456323944064,570.0294,4.302182524139474,10000
10,10,1000,1,10,0.15,3.7,149.54475866129366,12.96519974420238,-855.2439,86.30357242653773,517.8314,4.14374703636143,10000
10,10,1000,1,10,0.2,3.7,144.72653613782788,12.192775333095264,-1047.5514,135.25027359486765,464.8486,3.980027802658543,10000
10,10,1000,1,10,0.25,3.7,138.2704069737479,11.32461853261276,-1014.0849,136.0701166405521,411.5327,3.796265909621803,10000
10,10,1000,1,10,0.3,3.7,123.26378634551291,10.202580053921999,-911.4876,78.87695601114171,357.6648,3.5784212348393805,10000
10,10,1000,1,10,0.35,3.7,131.33487347959388,9.598649324761116,-940.5585,107.12549390458935,305.436,3.3524662643202454,10000
10,10,1000,1,10,0.4,3.7,113.0894990869821,8.465168403343675,-864.2349,65.70749494373818,258.5211,3.09733071550894,10000
10,10,1000,1,10,0.45,3.7,103.24863349690368,7.62777774010002,-928.1709,117.96469189279755,213.0771,2.8339319174197284,10000
10,10,1000,1,10,0.5,3.7,79.28593712247634,6.377959723061528,-662.1372,35.660480617139754,168.2305,2.5108712082457436,10000
10,10,1000,1,10,0.55,3.7,70.51502835357759,5.856776169645161,-661.0383,75.06851853227673,131.4448,2.205119010457492,10000
10,10,1000,1,10,0.6,3.7,51.66674588692925,4.901372086439176,-492.2073,27.872503074812574,99.9844,1.9150125229251884,10000
10,10,1000,1,10,0.65,3.7,40.40651256409988,3.806327886156582,-509.5899,75.56496983919519,72.3421,1.5938152814784237,10000
10,10,1000,1,10,0.7,3.7,28.169555554162276,2.900829705481407,-375.8238,50.780711229153255,48.1973,1.2681670087284254,10000
10,10,1000,1,10,0.75,3.7,16.365858639735777,2.2090324441761195,-303.0966,69.41229724081799,31.1837,0.9751925325178347,10000
10,10,1000,1,10,0.8,3.7,12.791006548490582,1.4166708805996684,-212.6871,63.757528334160554,17.8044,0.6923847584467563,10000
10,10,1000,1,10,0.85,3.7,5.979994739151527,1.0833477094972792,-105.2946,12.95491169228025,9.7202,0.47109891171012214,10000
10,10,1000,1,10,0.9,3.7,2.422888160090015,0.5828762807075553,-43.1568,5.836827069256004,5.1982,0.30321161818858533,10000
10,10,1000,1,10,0.95,3.7,0.6480869458960145,0.2116300511353587,-15.5844,2.657484895584738,1.9581,0.12458911141696279,10000
10,10,1000,1,10,0.99,3.7,0.0627898103143472,0.021471731849263563,-4.5954,0.6760283953526895,1.0996,0.01688480066951828,10000
10,10,1000,1,10,0.01,3.8,161.69800625151404,15.019459965845725,-1342.5561,229.38322540158606,676.2534,4.51923828872909,10000
10,10,1000,1,10,0.05,3.8,163.64582904610685,14.370620717508983,-1279.4193,213.18787510564,634.7284,4.415984460482116,10000
10,10,1000,1,10,0.1,3.8,149.3595912779381,13.59917779627665,-968.5305,112.26617753441504,580.3483,4.28234031839732,10000
10,10,1000,1,10,0.15,3.8,145.7670679456162,12.66391664471988,-1340.7579,213.00426053046257,528.0692,4.131725777072541,10000
10,10,1000,1,10,0.2,3.8,147.63223374128464,11.931206407564916,-1148.1507,169.28323207484289,476.5379,3.9740160614578133,10000
10,10,1000,1,10,0.25,3.8,128.03018088324853,10.962232087858116,-1012.6863,127.31264516477191,422.0581,3.7982508189122184,10000
10,10,1000,1,10,0.3,3.8,117.38756999010211,9.981124627593998,-952.047,104.09409741244077,367.5858,3.5908493513014963,10000
10,10,1000,1,10,0.35,3.8,122.89277784784011,9.439780751441177,-899.0001,76.52962621951664,315.2742,3.371479394682233,10000
10,10,1000,1,10,0.4,3.8,109.59523345911002,8.254270405161918,-828.6705,56.45333276229998,267.8606,3.1240103266180284,10000
10,10,1000,1,10,0.45,3.8,102.6151757756957,7.569121576485412,-844.4547,68.33718426559676,221.0948,2.8649907187420083,10000
10,10,1000,1,10,0.5,3.8,80.71290568862068,6.400155209716196,-778.0212,72.67336207380644,175.5239,2.5508297073890702,10000
10,10,1000,1,10,0.55,3.8,67.2795116873662,5.8120277773469935,-589.41,45.24063993977335,137.6441,2.2474779418781674,10000
10,10,1000,1,10,0.6,3.8,51.08804206026688,4.926875664628028,-586.7127,64.909789898276,105.358,1.9589460815895519,10000
10,10,1000,1,10,0.65,3.8,41.252206825852156,3.8251070429132676,-445.2543,27.613660316712085,76.7479,1.636990692829938,10000
10,10,1000,1,10,0.7,3.8,28.474865711972267,2.969375876242164,-371.4282,38.200520324725744,50.9909,1.3035648468142984,10000
10,10,1000,1,10,0.75,3.8,16.955696981423912,2.263250819845552,-245.1546,26.820312113099433,33.2811,1.0083935908376274,10000
10,10,1000,1,10,0.8,3.8,13.02867202865732,1.4608885953219146,-184.9149,32.559585166344185,19.0876,0.7215492609362134,10000
10,10,1000,1,10,0.85,3.8,5.598548107682095,1.0864957594013105,-118.1817,27.95216995456753,10.4094,0.4923298264677888,10000
10,10,1000,1,10,0.9,3.8,2.4812582177373423,0.5818474860262003,-51.6483,5.915751875521511,5.5315,0.3171283617319357,10000
10,10,1000,1,10,0.95,3.8,0.6680469376727076,0.21559430076335737,-12.7872,2.16211029406651,2.0228,0.12909273608321634,10000
10,10,1000,1,10,0.99,3.8,0.07383601536582374,0.029323571816564996,-4.995,0.7324473943011484,1.1068,0.019040368419832542,10000
10,10,1000,1,10,0.01,3.9,147.05534659985034,14.685107432861544,-918.9801,102.8942320631705,685.2644,4.493938973552467,10000
10,10,1000,1,10,0.05,3.9,158.98173112746807,13.969251357629071,-964.2348,124.94588159166979,643.8953,4.393181892262698,10000
10,10,1000,1,10,0.1,3.9,143.78060254621028,13.120209715009652,-999.2997,131.1437542197686,590.0654,4.262853089649043,10000
10,10,1000,1,10,0.15,3.9,141.85073249782425,12.348134195089608,-1228.3704,174.43179990145737,538.9163,4.1147920653181345,10000
10,10,1000,1,10,0.2,3.9,144.46481209475044,11.539081536796175,-912.2868,77.5164048597251,487.5602,3.9656680912472986,10000
10,10,1000,1,10,0.25,3.9,120.3269162170005,10.795118928133846,-1066.8321,136.76154230022487,430.8577,3.7977673083963257,10000
10,10,1000,1,10,0.3,3.9,113.36827911269285,9.835587872871269,-984.6144,95.05475610792517,378.0097,3.599924097247273,10000
10,10,1000,1,10,0.35,3.9,122.88160862758062,9.230906446708362,-993.006,115.96089656720348,325.6095,3.3861824469646367,10000
10,10,1000,1,10,0.4,3.9,115.91252539970566,8.09460482028722,-1036.1628,126.76759647370926,276.858,3.145152095172852,10000
10,10,1000,1,10,0.45,3.9,99.27102486753459,7.402722929826641,-909.5895,98.91537527131707,230.4376,2.896568110938552,10000
10,10,1000,1,10,0.5,3.9,80.86504887583835,6.42625389230496,-904.9941,100.46958423842624,182.6324,2.584312201337021,10000
10,10,1000,1,10,0.55,3.9,66.74173738188156,5.717266347254166,-720.4788,65.12018085348426,143.696,2.2848078853827753,10000
10,10,1000,1,10,0.6,3.9,52.431575374459264,4.847517506501522,-601.398,65.86020090484027,110.804,1.9977899876822611,10000
10,10,1000,1,10,0.65,3.9,42.109307202285436,3.8568799374715304,-557.1423,75.75214878120335,81.1579,1.68122082044677,10000
10,10,1000,1,10,0.7,3.9,28.208216229295008,2.9677126998832337,-333.7659,25.78067170911372,54.1035,1.341620182185079,10000
10,10,1000,1,10,0.75,3.9,16.967815952848934,2.256999035455857,-312.7869,43.84596627199212,35.0594,1.036093381946633,10000
10,10,1000,1,10,0.8,3.9,13.256029703960667,1.518892385593232,-181.3185,20.276918669483486,20.3954,0.7502265723599689,10000
10,10,1000,1,10,0.85,3.9,5.39939694595896,1.1197966321103656,-129.2706,25.350399227855668,11.1955,0.5148341804876011,10000
10,10,1000,1,10,0.9,3.9,2.3699653673871044,0.5898878051879757,-65.8341,13.09234739279952,5.9102,0.33283736519081913,10000
10,10,1000,1,10,0.95,3.9,0.6827338476429832,0.2188533861119133,-50.8491,26.89376636471447,2.0871,0.13334522658852616,10000
10,10,1000,1,10,0.99,3.9,0.07827941040152828,0.032623787076659104,-6.4935,1.0600174241345974,1.1132,0.020539249306540094,10000
10,10,1000,1,10,0.01,4.0,137.2463297831233,14.409250600056662,-787.7115,21.429022418835576,695.1614,4.460184861628942,10000
10,10,1000,1,10,0.05,4.0,143.22229291553373,13.6649427364394,-1231.6671,186.81268653614734,652.4806,4.369356644874965,10000
10,10,1000,1,10,0.1,4.0,139.49981261195006,12.857408371285265,-1322.8758,219.20984032868398,600.2263,4.239521716334206,10000
10,10,1000,1,10,0.15,4.0,138.48085099464137,12.180210272101466,-1053.3456,147.8343610000236,548.1715,4.1005621431413495,10000
10,10,1000,1,10,0.2,4.0,138.83357686188418,11.287029740246009,-1303.0956,190.88295610608932,496.7175,3.9572714853969666,10000
10,10,1000,1,10,0.25,4.0,117.74947711128834,10.550609366022995,-967.032,117.97074255080112,441.0324,3.7940733485637077,10000
10,10,1000,1,10,0.3,4.0,109.74071767953679,9.726146258167967,-842.5566,49.43619434210878,387.452,3.6029749447429196,10000
10,10,1000,1,10,0.35,4.0,119.67201333979857,9.141180921099577,-1138.6602,153.8091365690699,334.4071,3.39575365879949,10000
10,10,1000,1,10,0.4,4.0,112.25680514080271,8.031227444120374,-908.1909,107.16534485989216,285.4571,3.1627073857313737,10000
10,10,1000,1,10,0.45,4.0,100.0224832128721,7.318788156202329,-956.4426,105.34923033683624,238.5096,2.921138003502668,10000
10,10,1000,1,10,0.5,4.0,82.10920845274453,6.348359512487604,-869.7294,110.11953311476992,190.6278,2.6176270826590997,10000
10,10,1000,1,10,0.55,4.0,62.602989938865704,5.646956840905432,-688.2111,44.22251121367357,149.3584,2.3191540575171476,10000
10,10,1000,1,10,0.6,4.0,51.93909245976548,4.815760928594053,-615.4839,60.17310364917499,115.725,2.0325046678968546,10000
10,10,1000,1,10,0.65,4.0,42.97743194649551,3.89666528832903,-544.8546,75.78420425766427,85.1545,1.7176682512630719,10000
10,10,1000,1,10,0.7,4.0,29.146796754817235,2.9685525642936086,-399.8997,45.34791067584325,57.4715,1.3832569749547177,10000
10,10,1000,1,10,0.75,4.0,17.320243121284147,2.258348053313305,-298.4013,44.60898256201718,37.123,1.0661115825703467,10000
10,10,1000,1,10,0.8,4.0,13.515060970549008,1.569150538346878,-199.8999,20.356264881357557,21.7997,0.7785729352941556,10000
10,10,1000,1,10,0.85,4.0,5.439707881251172,1.1612525940275642,-112.1877,12.902407033480099,11.8492,0.5326915636334,10000
10,10,1000,1,10,0.9,4.0,2.3501453724411387,0.5922128009142921,-50.949,5.594670820884764,6.2171,0.34520404595301923,10000
10,10,1000,1,10,0.95,4.0,0.7599334143462229,0.22016274130332872,-20.0799,3.8705416831357193,2.2105,0.14192608384764102,10000
10,10,1000,1,10,0.99,4.0,0.08744068838120829,0.03697114864858102,-5.994,0.8337130226525277,1.1233,0.023161678638124083,10000
