total_size_mean,total_size_sd,v_mean,v_sd,beta_mean,beta_sd,fd_v_mean,fd_v_sd,fd_beta_mean,fd_beta_sd,beta,v,N_samples,N,T,i0
333.1867,369.3727280716729,-1451.547,13202.21705251437,546.5043937355758,1881.021662705315,-1425.5,5941.026454202418,545.15,1278.1789904599298,2.0,0.01,10000,1000,10,1
279.5488,328.0041039660327,-1137.861,6270.666500772895,483.40146823426346,1628.3739003606925,-1239.52,3851.17142201333,521.032,1151.978871554531,2.0,0.05,10000,1000,10,1
217.9324,275.6236670357609,-1283.5152,11413.833714645378,397.73144617312175,1324.7084186706504,-1153.74,3857.687414451664,451.054,916.5029224419769,2.0,0.1,10000,1000,10,1
163.7047,224.86916662341685,-1006.1928,6897.739848278537,316.0520402601999,1055.6095197759964,-961.96,3053.383250318789,378.24,740.7411505682768,2.0,0.15,10000,1000,10,1
118.0868,177.06394908552107,-886.2129,4913.229106259819,237.52646295040344,816.6634556965138,-803.42,2312.6986749501352,304.55,636.261440260241,2.0,0.2,10000,1000,10,1
82.7142,134.8848409509386,-597.402,3346.5035988371064,173.0188280756784,611.2381875634836,-618.4,2244.1330293245387,223.12,443.05437061102526,2.0,0.25,10000,1000,10,1
55.5009,99.016494581408,-465.4341,3823.587130576692,117.46927260794176,432.43954333365514,-459.32,1803.9596904189589,159.746,384.8949855466941,2.0,0.3,10000,1000,10,1
35.8804,69.9659481164945,-284.1156,2078.676219452941,76.20531953608793,297.96636759549233,-308.14,1244.138468359871,106.036,271.2649722550209,2.0,0.35,10000,1000,10,1
22.8329,47.86266371181195,-188.2116,1432.6896892209422,47.88803358227212,200.4634949427414,-191.98,840.4917145529889,65.638,191.04110192904204,2.0,0.4,10000,1000,10,1
14.5777,32.0395687035578,-157.9419,2217.1492239794165,28.96043688738385,127.36791539023807,-126.72,745.8831515509495,36.856,127.11872867960139,2.0,0.45,10000,1000,10,1
9.4206,20.876328595804388,-74.7252,901.4758067457909,16.885247996477418,80.43141025021112,-78.02,497.109234835902,21.374,89.96711361466042,2.0,0.5,10000,1000,10,1
6.2048,13.31483597195249,-39.96,769.5927628961114,9.465550391225051,47.53183407064001,-41.44,287.4491069718427,12.056,65.55518753127951,2.0,0.55,10000,1000,10,1
4.3168,8.539381579482205,-23.976,337.9447988839439,5.313671492211025,28.366853546651814,-27.24,238.5281366363237,5.37,32.656235897211076,2.0,0.6,10000,1000,10,1
3.1709,5.460063478568725,-17.1828,301.8787108422288,2.9453200201233978,16.712297046475673,-18.24,145.92269098112988,3.106,22.926956373074322,2.0,0.65,10000,1000,10,1
2.4761,3.56295225760885,-10.7892,177.82909571295752,1.6621395632162685,8.571091168743235,-11.04,103.49487677635011,1.768,14.122822714037772,2.0,0.7,10000,1000,10,1
2.0063,2.3575962991996744,-6.8931,142.1756901339906,0.9576198915729699,4.863824755623684,-8.96,99.32122064537388,0.96,8.964732937665481,2.0,0.75,10000,1000,10,1
1.6619,1.5485439580457507,-6.6933,118.44161716549497,0.524254355276771,2.494513898488314,-5.04,53.505931339140766,0.61,5.985940456462529,2.0,0.8,10000,1000,10,1
1.4368,1.0732221391678427,-4.1958,85.83903247538167,0.31183995592741504,1.4911812594937273,-4.78,49.5317770698162,0.31,3.386007457855116,2.0,0.85,10000,1000,10,1
1.2494,0.6783801589079681,-3.0969,62.313733723241576,0.15390776368811818,0.7382655730680648,-3.44,32.56182469154216,0.156,2.013968621145994,2.0,0.9,10000,1000,10,1
1.1105,0.38482431056262545,-2.997,64.67642920762945,0.06055773969830547,0.3080111566095445,-2.46,25.41678581764677,0.076,1.4402886666027457,2.0,0.95,10000,1000,10,1
1.0196,0.1463415183739734,-2.2977,47.857621231116255,0.01027619486279902,0.09156102326039883,-1.96,19.904723555025328,0.01,0.4471241348878405,2.0,0.99,10000,1000,10,1
386.5146,400.5599413157037,-1435.1634,12650.591312944909,547.3777660170516,1963.2992590616095,-1432.44,5784.114560114144,499.786,1295.4625646963532,2.1,0.01,10000,1000,10,1
329.955,361.2584683782513,-1341.5571,10634.712876939231,502.1814358790833,1726.5159860245685,-1311.84,4626.007329088539,504.578,1250.7741944589968,2.1,0.05,10000,1000,10,1
263.3521,309.9832958815523,-1319.1795,8892.059799755509,431.7575903842396,1433.848787967672,-1220.46,3773.9170146365614,463.632,1040.0496617498081,2.1,0.1,10000,1000,10,1
202.2017,257.98247812033674,-1089.5094,6403.060069352529,351.330033749605,1158.1806044768516,-1086.82,3260.7878743267147,398.154,823.1086824194649,2.1,0.15,10000,1000,10,1
149.2784,207.80370423416423,-931.6674,5632.804289409807,275.3900069770579,913.8961580634918,-991.86,3058.0125710154375,331.398,676.8030229166999,2.1,0.2,10000,1000,10,1
105.6427,160.92826301402127,-804.6945,6072.092949078429,203.7671043551904,695.764758762791,-759.34,2637.327115439301,251.402,500.6737678550593,2.1,0.25,10000,1000,10,1
72.1974,120.26039594662906,-547.8516,2987.085424407998,143.6172656765018,506.92501425383205,-566.98,1951.9012965483544,184.474,411.84135860117965,2.1,0.3,10000,1000,10,1
46.6701,85.83301035143764,-437.2623,3677.4428589030126,93.73969930530764,352.66083415021404,-391.56,1501.842308443847,132.54,341.2434806869007,2.1,0.35,10000,1000,10,1
29.6843,59.34358628790477,-269.2305,2074.67577007224,59.816467223553,239.59988283990185,-271.9,1181.0291583984279,76.934,210.0613534689856,2.1,0.4,10000,1000,10,1
18.4785,39.56427855717832,-168.5313,1551.2773080751763,36.26622288349536,155.37408813586816,-172.48,743.2266734912163,46.562,160.1487587166752,2.1,0.45,10000,1000,10,1
11.6333,25.72824578376847,-100.6992,1194.037889837503,21.08555949451523,96.15123414969071,-102.18,579.4728867536843,24.58,93.05766799655628,2.1,0.5,10000,1000,10,1
7.4425,16.30735704367817,-72.4275,917.0841888750991,11.830066633841142,58.556865772254696,-61.42,409.0285002678947,14.046,65.99019135095347,2.1,0.55,10000,1000,10,1
4.9145,10.030901741618248,-43.4565,667.8017499419065,6.202588441060751,32.55467143838259,-35.4,265.9960815341819,7.77,46.78339415430287,2.1,0.6,10000,1000,10,1
3.5175,6.391313929858242,-30.6693,518.3110347758255,3.4716069912777567,19.614250519039558,-23.7,199.73557377178204,3.778,26.49673420805608,2.1,0.65,10000,1000,10,1
2.6528,4.019633336512175,-19.3806,354.0975244891228,1.8580962569891886,9.451988371332915,-12.58,97.7686016569072,2.118,21.934497674184875,2.1,0.7,10000,1000,10,1
2.1051,2.5886394090332474,-9.7902,193.9906003373925,1.0336587242669892,5.146170041067454,-8.64,78.47270988451757,1.118,9.838686699737805,2.1,0.75,10000,1000,10,1
1.7221,1.692711313248659,-6.6933,144.27578516621742,0.5679976274608475,2.78509816059487,-6.2,55.65851046316904,0.568,5.933034307132309,2.1,0.8,10000,1000,10,1
1.4677,1.1256805541537973,-2.3976,63.13995707678273,0.317936186680172,1.4864940321904268,-4.42,41.09297340478448,0.36,4.04376497876921,2.1,0.85,10000,1000,10,1
1.2667,0.7124402501262825,-5.7942,99.73681361242174,0.15835454954669087,0.7631603915297506,-3.64,33.74706337488705,0.218,2.8130530259368864,2.1,0.9,10000,1000,10,1
1.1175,0.40061671208275873,-2.0979,53.75956402969118,0.061819544150032824,0.31337688244059353,-2.86,28.211699523406953,0.058,1.247714582413749,2.1,0.95,10000,1000,10,1
1.0205,0.15059797475397868,-2.1978,46.80802254162663,0.010339540252339009,0.09089962780320592,-2.02,20.198029508830903,0.012,0.48977544650461985,2.1,0.99,10000,1000,10,1
436.1898,424.79698489509076,-1360.3383,14276.422899064471,529.4165386239864,2031.1511029890767,-1487.64,6987.179781466185,469.938,1512.0455232308425,2.2,0.01,10000,1000,10,1
378.2464,388.75830497500624,-1481.9166,14750.87443588029,501.11461379069385,1792.8884802794405,-1385.16,5460.372271277307,464.976,1297.1757883674027,2.2,0.05,10000,1000,10,1
308.461,340.0716699153283,-1164.5343,6292.606644711078,449.1794724442188,1517.0011418434804,-1354.76,5256.234026564476,444.652,1119.3462612173455,2.2,0.1,10000,1000,10,1
242.7497,288.957741633461,-1349.649,10287.313911558766,381.5326970516096,1247.1588845074477,-1308.86,5202.195285067487,403.89,923.6678537929167,2.2,0.15,10000,1000,10,1
183.0364,237.40581095466052,-1117.881,7227.989294967435,305.99985722058324,994.7282002821293,-1075.4,3213.067571701851,345.63,766.0373779564825,2.2,0.2,10000,1000,10,1
131.8527,187.64476918558108,-858.2409,5531.295550964024,233.94218428710815,773.7256731485878,-916.76,3148.856083066228,290.256,624.9654331587183,2.2,0.25,10000,1000,10,1
91.3219,142.5405481973112,-658.0413,3905.839976827874,169.0090356979742,577.3582964047123,-709.24,2160.1900991640646,206.234,438.40373747004344,2.2,0.3,10000,1000,10,1
60.3772,103.92310869176306,-495.2043,2938.1550455462148,115.40877701553674,412.2723544873926,-526.6,1886.5737080844744,151.58,380.98989347473906,2.2,0.35,10000,1000,10,1
38.0054,72.18953366548367,-361.0386,3445.084383836079,72.8049784790321,277.9285213470529,-368.22,1443.3247556371448,93.868,256.95797577839767,2.2,0.4,10000,1000,10,1
23.3403,48.2139865175034,-247.752,2564.7960964953254,44.257423417393255,181.43093978423795,-227.46,932.8799359496858,58.688,179.75536113002443,2.2,0.45,10000,1000,10,1
14.3203,31.228302994399165,-136.0638,1599.5565268029147,25.688385227479365,112.55853508177091,-137.64,791.7107495740469,32.346,114.80755359050269,2.2,0.5,10000,1000,10,1
8.9087,19.595284236519767,-88.1118,1469.3239169012525,14.21424716445952,68.18285665370995,-77.38,510.6490104182951,17.88,80.5262320452456,2.2,0.55,10000,1000,10,1
5.7083,12.027760020469314,-46.2537,601.3884988499238,7.551681146197851,38.355761309560215,-45.18,317.76227731826293,9.1,45.68192951122344,2.2,0.6,10000,1000,10,1
3.905,7.412433810834333,-26.5734,456.61330859250955,4.039566629193936,22.215424673889476,-26.14,204.36456857216902,4.538,29.26998854155775,2.2,0.65,10000,1000,10,1
2.8456,4.56497104481507,-13.2867,243.7417984456933,2.10526975905867,11.958445663341012,-12.98,104.482588315595,2.05,17.67112692707195,2.2,0.7,10000,1000,10,1
2.2167,2.873419758754366,-10.989,183.34404048868967,1.1381943827187189,5.849478602167101,-9.76,87.1407008818211,1.204,11.038232116458943,2.2,0.75,10000,1000,10,1
1.7783,1.809792559936083,-5.0949,91.96682164573461,0.594023004389168,2.865964210951475,-6.26,59.10297552722381,0.634,5.744679637230735,2.2,0.8,10000,1000,10,1
1.5005,1.1929793585808601,-5.0949,123.47057055091798,0.33042535545987484,1.5337605352953976,-5.12,44.33939781074865,0.338,4.050604490650003,2.2,0.85,10000,1000,10,1
1.2872,0.7543978791062446,-3.1968,71.97154757351,0.16615672257820216,0.7873526511398541,-4.46,39.398776965315,0.17,2.282897536490898,2.2,0.9,10000,1000,10,1
1.1239,0.41514911778781366,-1.998,44.63417095591327,0.06280210273218499,0.32250673392980717,-3.12,28.815770592914678,0.04,0.9372768261217592,2.2,0.95,10000,1000,10,1
1.0216,0.15534941261556157,-1.8981,43.50618801078213,0.010485672336005268,0.09044840492824845,-2.12,20.677242437894947,0.01,0.44712413488784053,2.2,0.99,10000,1000,10,1
481.3383,443.16502823791274,-1434.3642,16474.21796946152,487.61168575012766,2060.2023817618083,-1377.6,6549.5645595407295,391.51,1434.2763453266168,2.3,0.01,10000,1000,10,1
423.9077,410.0388171633388,-1684.8135,20202.93968033094,480.7310669929175,1841.8650967396431,-1512.26,7783.1975118681685,420.87,1381.945389805994,2.3,0.05,10000,1000,10,1
351.8651,365.15559519469235,-1260.5382,6223.917702259342,449.03865704222443,1571.5658914241542,-1269.8,3950.1058585345995,403.736,1102.3429404227297,2.3,0.1,10000,1000,10,1
282.9986,315.9804468603081,-1281.717,9928.99407003727,397.54129866258654,1317.2572061393482,-1243.38,3856.864233515561,383.874,952.4919717349968,2.3,0.15,10000,1000,10,1
218.2637,265.03040610901616,-1275.0237,8651.285653293606,330.15830088252045,1067.2797634615633,-1246.5,4018.4823715000925,358.856,853.8984983758625,2.3,0.2,10000,1000,10,1
160.9345,214.02967413363504,-1038.3606,7435.955559770131,261.0402600136997,840.3465982805329,-1088.68,3513.78919815246,300.876,660.578404889912,2.3,0.25,10000,1000,10,1
112.8266,165.6297314265769,-859.3398,7911.608731225751,193.7967440293987,644.7304504318429,-846.16,2764.661568756468,234.288,518.3548612989207,2.3,0.3,10000,1000,10,1
75.821,122.63204458460275,-610.0893,3352.426040222368,135.80719394562402,466.3234476044636,-613.92,2139.5868799377326,170.508,366.9778320401941,2.3,0.35,10000,1000,10,1
48.074,86.46416092231509,-456.8427,3085.7508782150494,87.56994100865404,319.74786832396944,-462.74,1735.6292614764623,119.57,315.67562498555543,2.3,0.4,10000,1000,10,1
29.4999,58.302300126067074,-272.3274,2222.0023712100324,53.88635834995082,212.27472811724758,-286.12,1186.134915262054,69.038,196.00111275097385,2.3,0.45,10000,1000,10,1
17.6475,37.60346850690771,-165.1347,1418.712814265398,31.18014518862857,133.13336598126946,-173.52,823.4164262759798,40.85,143.97593690280576,2.3,0.5,10000,1000,10,1
10.8009,23.670472306018738,-81.5184,803.1898373690526,17.477396802724556,80.27944675466945,-108.6,645.5259176601952,19.29,77.21069905916485,2.3,0.55,10000,1000,10,1
6.6765,14.387204306257695,-61.4385,1120.681919910512,9.184001086620633,45.71296547512353,-64.36,443.4562613669746,10.444,52.62166633599509,2.3,0.6,10000,1000,10,1
4.3664,8.63505362114214,-34.6653,623.5031541975063,4.702299745539566,24.916377846431413,-31.56,234.07999859999669,4.626,31.586387795843304,2.3,0.65,10000,1000,10,1
3.0693,5.157082267135167,-19.6803,287.32355346255105,2.3692856646247384,13.231082584413235,-18.82,143.95791047385623,2.618,18.717401264892814,2.3,0.7,10000,1000,10,1
2.3395,3.211890370171435,-11.1888,192.36462348726425,1.2645831457889496,6.617820690788193,-11.66,127.5212553539868,1.332,11.355997176258311,2.3,0.75,10000,1000,10,1
1.8458,1.96077085861658,-9.4905,191.67639733122957,0.6370387134921002,3.197903400135287,-8.38,71.09346684543391,0.744,7.1113656320087495,2.3,0.8,10000,1000,10,1
1.5354,1.267101748084975,-3.8961,80.45168831171426,0.34345730276551256,1.5720006873196712,-5.54,51.04477404098964,0.296,3.198969731137523,2.3,0.85,10000,1000,10,1
1.3054,0.7895130397909841,-3.4965,87.59651535706355,0.17051841486438343,0.7950688060645648,-4.18,39.22603049184068,0.15,2.4037632595122127,2.3,0.9,10000,1000,10,1
1.1297,0.4274083644478662,-3.996,73.30603495945029,0.06312673563323679,0.3189674961796188,-2.94,26.89663069743658,0.08,1.467588287476482,2.3,0.95,10000,1000,10,1
1.0222,0.1578200240780618,-2.5974,50.87548471252606,0.01032406408762931,0.08800022968994281,-2.14,20.771700612964633,0.008,0.39993998949782456,2.3,0.99,10000,1000,10,1
521.1984,455.9959794092926,-1647.351,22095.95869161257,444.5701636147136,2070.05933177505,-1403.36,7346.598802289137,375.572,1662.1597126350498,2.4,0.01,10000,1000,10,1
464.4013,426.43757463233703,-1322.676,13640.241771383022,442.102209085954,1867.05604541013,-1403.2,6819.059738524937,360.202,1376.8589373096015,2.4,0.05,10000,1000,10,1
392.7378,384.74202818402875,-1430.8677,11556.975004797876,430.06795626770065,1609.0075480399796,-1426.76,6014.482297100077,388.168,1336.092735612246,2.4,0.1,10000,1000,10,1
322.0991,339.40781558353956,-1390.3083,10881.60656054909,398.6573717206633,1359.425852994597,-1408.0,5405.700154412557,356.718,980.1695270238564,2.4,0.15,10000,1000,10,1
253.9307,289.96080717488354,-1351.4472,11963.385722712746,347.81903656934713,1130.1860064021425,-1300.98,4739.061184421548,354.492,881.1741875082776,2.4,0.2,10000,1000,10,1
191.112,238.7097707593889,-1140.5583,7076.830208305186,282.26629080041346,900.3300093893465,-1114.68,3495.98608256225,317.896,735.8462068584812,2.4,0.25,10000,1000,10,1
137.1328,188.84259785376815,-979.6194,5368.610720442524,216.98523795019966,698.0123408491207,-1005.24,2958.66725293524,251.186,543.0152852029088,2.4,0.3,10000,1000,10,1
93.1331,142.1834335792676,-686.8125,3565.0889725898846,156.10061294249144,520.1265012777711,-712.7,1930.016374625001,188.176,436.80246412224636,2.4,0.35,10000,1000,10,1
60.2532,102.03050372197524,-516.7827,3477.9138310116746,104.15962625487624,364.251655263367,-534.18,1825.9345911924477,138.278,362.3550259517359,2.4,0.4,10000,1000,10,1
36.8387,69.42074677148035,-381.618,2889.565429664681,64.17824779894308,241.1985559899516,-387.82,1497.0263045035774,82.166,234.43661082785184,2.4,0.45,10000,1000,10,1
21.8148,44.97189679077368,-238.5612,2037.4679132698807,37.498821250824705,153.07678153449547,-223.36,960.4179041724834,48.538,154.59628895046518,2.4,0.5,10000,1000,10,1
12.8902,28.094663976634425,-131.7681,1501.0712721982297,20.713391212252883,91.30081211511828,-124.9,601.5913739558786,25.796,108.79517463105752,2.4,0.55,10000,1000,10,1
7.7775,16.958590559064746,-81.2187,1066.7357039006934,10.91718859724862,53.294875833752165,-70.7,434.01422423082346,13.116,62.794624455330954,2.4,0.6,10000,1000,10,1
4.8844,9.904394814424554,-34.8651,409.8321492282469,5.362841621795527,27.979090429193263,-41.04,307.13702433143993,6.66,43.25079725445896,2.4,0.65,10000,1000,10,1
3.3367,5.910916435714515,-26.4735,529.777030521291,2.734099530334282,15.799357138946153,-22.94,211.60868182431065,3.376,24.48392473148506,2.4,0.7,10000,1000,10,1
2.4737,3.5487896965021752,-12.3876,194.8691431821274,1.3790601970194043,7.092763860416154,-13.28,112.36059847833243,1.354,11.305727130379305,2.4,0.75,10000,1000,10,1
1.9226,2.1357924150066645,-9.3906,175.6500296752964,0.6882253535144398,3.3539963076500467,-9.32,84.58045273760676,0.732,8.041805957886973,2.4,0.8,10000,1000,10,1
1.5683,1.34778897087044,-5.6943,115.07524702888051,0.35838738726607594,1.6789364208708288,-5.34,50.2766066249242,0.326,3.859431761458173,2.4,0.85,10000,1000,10,1
1.3234,0.8243860988638758,-2.4975,59.051796799255165,0.17375171931114355,0.790698697627902,-4.32,41.24933636769297,0.136,2.015418118162855,2.4,0.9,10000,1000,10,1
1.1363,0.4426311218158976,-4.4955,71.20465286769537,0.06409901708494524,0.32580043163554295,-3.06,26.883241450150436,0.096,1.4666284805328138,2.4,0.95,10000,1000,10,1
1.0231,0.1605191265862109,-3.3966,58.155005880069254,0.010211583230543999,0.08477322063481825,-2.22,21.14512500864355,0.008,0.3999399894978245,2.4,0.99,10000,1000,10,1
555.489,464.96294742592124,-1221.3774,13659.59061328492,393.34674610791996,2052.188713214029,-1281.52,7570.623615250753,305.654,1584.1658216294916,2.5,0.01,10000,1000,10,1
500.8906,437.95721232974347,-1178.2206,11376.403207188503,406.74405205390207,1873.3631219407716,-1466.78,8084.568043850306,354.16,1618.1377850446293,2.5,0.05,10000,1000,10,1
430.5359,400.48651177185735,-1352.7459,13345.210154229091,403.6854109727391,1634.4964838117144,-1333.84,5435.465139482383,327.982,1221.0612706734555,2.5,0.1,10000,1000,10,1
357.7021,358.2609486890666,-1412.3862,13189.024836577706,387.7787956930332,1398.1990587861055,-1425.88,6042.544948988469,362.828,1186.507674843381,2.5,0.15,10000,1000,10,1
288.3636,311.6946040518508,-1589.3091,15772.589134963202,352.77380216076085,1169.2701057570364,-1352.5,4952.8109981785465,352.82,994.6599933898241,2.5,0.2,10000,1000,10,1
222.4321,261.9205333485521,-1206.3924,9949.59974430778,299.9845550376522,952.0556230651081,-1216.0,4200.763340306631,309.328,783.9253805791924,2.5,0.25,10000,1000,10,1
162.8501,210.9018914803516,-1075.2237,6942.763098579888,236.2939219657774,744.3873464291337,-1069.44,3054.487694509112,268.426,654.9690229057376,2.5,0.3,10000,1000,10,1
112.4591,161.96013622861028,-890.4087,6670.189342143917,174.55116284436505,568.3777261375225,-860.6,2590.1394793045847,210.946,520.4767378927407,2.5,0.35,10000,1000,10,1
73.9961,118.23844926583736,-649.0503,4452.938340304766,120.31593344499828,405.71954942928136,-633.46,1943.17009533441,149.234,338.05402126898235,2.5,0.4,10000,1000,10,1
45.4362,81.4374774263054,-469.1304,4027.5563386999293,75.24371238008304,272.0940694616766,-455.9,1698.7076707824324,101.688,279.7630736779595,2.5,0.45,10000,1000,10,1
26.908,53.31652591833042,-293.8059,2525.4839094167405,44.59947187971695,174.3165635143194,-293.46,1215.3093952128443,56.426,169.58721209528338,2.5,0.5,10000,1000,10,1
15.5478,33.225431752800446,-198.3015,1868.5433358682244,24.677839517300697,105.7845727770112,-170.24,812.3966649575339,30.606,117.3441508085209,2.5,0.55,10000,1000,10,1
9.1627,19.927288543853628,-98.3016,1217.2502041254231,12.903797623683495,60.31481147795865,-94.8,531.8959027151201,15.756,73.25657046648888,2.5,0.6,10000,1000,10,1
5.5494,11.537701661942902,-52.2477,731.5370335040112,6.323048907710487,32.00286408767205,-50.66,342.00769191077063,7.734,41.12510633952383,2.5,0.65,10000,1000,10,1
3.6482,6.689890638866976,-31.5684,538.0062008830929,3.10974722187944,17.234454566739924,-23.72,192.46055623574057,3.582,25.785184963004582,2.5,0.7,10000,1000,10,1
2.6189,3.924062026777864,-16.1838,246.21577495835604,1.5154444202735962,7.719004137258579,-14.94,112.41912740286058,1.644,19.019291189309193,2.5,0.75,10000,1000,10,1
2.0063,2.357172100208213,-10.4895,231.27466979122184,0.7662444796959428,3.8782290381799096,-11.42,110.68337129337942,0.748,7.26675832663078,2.5,0.8,10000,1000,10,1
1.6006,1.4181959103029456,-5.1948,94.63571548218191,0.3698507128786217,1.718059051231124,-5.44,50.70171068461729,0.394,4.65262599967688,2.5,0.85,10000,1000,10,1
1.3367,0.8502547324184677,-3.7962,74.66560092007614,0.17427510089571288,0.7796117757056517,-3.84,37.54191443618657,0.128,1.9555046407104189,2.5,0.9,10000,1000,10,1
1.1447,0.45995859596272354,-3.3966,71.96239411704356,0.06579887432812637,0.32867115188532453,-3.68,29.97578113653545,0.074,1.5603741463981242,2.5,0.95,10000,1000,10,1
1.0243,0.16464965836587697,-3.3966,58.155005880069254,0.010292641037881398,0.08313422257752628,-2.36,21.782512430497512,0.014,0.5289914774344856,2.5,0.99,10000,1000,10,1
584.0028,469.79388586076766,-1375.2234,20940.23889986957,342.0784483924978,2013.388462306088,-1345.34,8702.480428071074,245.826,1512.3000505416533,2.6,0.01,10000,1000,10,1
532.5652,446.0348671897299,-1200.8979,14537.212080209263,360.8807237596615,1855.417369439511,-1313.74,7508.9254629781,272.796,1436.8984411213655,2.6,0.05,10000,1000,10,1
463.5793,412.10614495723064,-1500.1983,19883.970460360877,372.05690258142965,1641.1616630007911,-1494.1,8366.476258407612,327.404,1452.2856241584896,2.6,0.1,10000,1000,10,1
392.8323,373.2380100910276,-1195.6032,8476.576481365235,368.1432013531346,1420.6911715063773,-1396.24,6119.415216069153,318.466,1186.2591318581246,2.6,0.15,10000,1000,10,1
321.5725,330.0404837951702,-1258.9398,10121.076030599597,347.70029460868545,1197.9715658656914,-1401.24,5401.364636496378,306.902,936.398722047753,2.6,0.2,10000,1000,10,1
253.8999,282.0095925318676,-1422.3762,11934.453275813385,306.9809253735986,988.8891134373281,-1374.86,4945.675479749464,283.532,749.4594945221476,2.6,0.25,10000,1000,10,1
189.3859,231.75807640984166,-1152.2466,6516.354036866154,251.9146119706915,788.2825301283928,-1240.12,4195.548909101749,275.912,674.8758952603066,2.6,0.3,10000,1000,10,1
133.924,181.74374603820624,-1026.1728,6655.8819476603,192.44595538131475,606.0951271291163,-1002.2,3072.945730003372,221.726,519.853446352497,2.6,0.35,10000,1000,10,1
88.9915,134.88896184547497,-700.8984,5272.992606440881,136.0802113950064,445.5762398512659,-741.22,1927.9150907806406,163.82,416.90486752598207,2.6,0.4,10000,1000,10,1
55.8662,94.66853383020147,-579.0204,4241.230498121701,88.30499072829329,306.121302510094,-557.62,2029.2194826511193,112.93,314.36440256135836,2.6,0.45,10000,1000,10,1
32.7643,62.384816626403584,-331.7679,2900.3797715663927,52.13409233497555,195.96148716472769,-341.86,1235.880447473802,68.722,204.56273196046908,2.6,0.5,10000,1000,10,1
18.7624,39.07199695741184,-249.9498,2694.4360509099492,29.36592039888511,121.40991675483926,-210.36,903.7999534385823,35.582,128.29655987877334,2.6,0.55,10000,1000,10,1
10.7841,23.37054743025931,-109.5903,1068.1268701549384,15.265736657450564,68.95285823527246,-115.08,649.5650753224868,16.628,69.87072210719435,2.6,0.6,10000,1000,10,1
6.3287,13.432351108797,-81.0189,1462.6182731540332,7.46035703008036,37.07943991929277,-61.1,409.26218925519544,8.964,52.93852049968217,2.6,0.65,10000,1000,10,1
4.0064,7.6445901812981445,-41.6583,745.0535916473073,3.568637288421428,19.278264515755716,-30.2,214.71043304181958,3.87,27.10750046865564,2.6,0.7,10000,1000,10,1
2.7834,4.3919112513802006,-13.6863,228.9379373328611,1.704842907301146,9.676974544940299,-17.32,134.75100512923208,1.482,12.782019167619808,2.6,0.75,10000,1000,10,1
2.0805,2.525790915733129,-9.3906,191.94149573611887,0.805916293397339,3.983582686122244,-9.82,84.07303032151715,0.866,8.782810357498196,2.6,0.8,10000,1000,10,1
1.6361,1.4970894395459478,-5.4945,169.1605766714573,0.38402186051457327,1.8468032825375502,-6.06,55.56604321450153,0.394,4.98470146797905,2.6,0.85,10000,1000,10,1
1.3525,0.8864782851260374,-4.7952,102.74664152270097,0.17766828503633714,0.8385080993743272,-4.16,40.58151162670743,0.172,2.343280840298416,2.6,0.9,10000,1000,10,1
1.1516,0.4743600320431729,-2.997,56.43526986706538,0.06662231270734562,0.32826313369823623,-3.72,30.630955348185832,0.06,1.1647041055844856,2.6,0.95,10000,1000,10,1
1.0256,0.16835866476068287,-3.0969,55.53846201027039,0.01032704370966273,0.0805707694464841,-2.56,22.660488736454415,0.01,0.4471241348878405,2.6,0.99,10000,1000,10,1
606.8608,472.10018070676483,-1052.4465,13520.584064598783,277.12070676908473,1949.6282578377934,-1165.74,7499.868202488991,205.76,1549.4582874341766,2.7,0.01,10000,1000,10,1
558.1368,450.9669975572048,-1076.7222,9124.774892418493,312.8944855035764,1821.5885903989868,-1179.6,6425.095798943589,246.134,1526.0238821633473,2.7,0.05,10000,1000,10,1
494.1744,419.9329489152286,-1149.4494,9283.013884171294,335.0023643846878,1631.657795651327,-1199.9,5637.223236539586,256.578,1298.330719108817,2.7,0.1,10000,1000,10,1
423.6625,384.9562876402332,-1447.4511,14462.675453647453,338.9909881946767,1428.594865898326,-1355.02,6031.722388099168,293.1,1283.9189829562767,2.7,0.15,10000,1000,10,1
353.1344,344.36735405180326,-1485.513,14601.798841552773,331.66566269960913,1217.1955465367632,-1415.34,5777.921695758107,302.278,1138.610527840583,2.7,0.2,10000,1000,10,1
283.3545,299.7363501975528,-1347.8508,8948.758701751298,306.2624702633765,1014.4271894314062,-1367.98,4952.542729502568,278.274,822.3063417583313,2.7,0.25,10000,1000,10,1
216.6344,251.02702949411645,-1254.3444,9756.328636563814,262.77607844660497,822.9665952017328,-1303.92,4621.218908472093,269.716,738.9296319975972,2.7,0.3,10000,1000,10,1
156.2781,200.48125438651365,-1017.3816,5518.235163339203,206.49483879076388,639.0293237159002,-1094.92,3262.9359277630433,231.046,593.0495398022546,2.7,0.35,10000,1000,10,1
105.5905,151.74175961069517,-980.4186,8019.431544305582,150.4227875483337,481.4623956841564,-863.38,2599.83670461994,176.394,447.1414880270354,2.7,0.4,10000,1000,10,1
67.3688,108.3494189488804,-645.5538,4065.4613595399173,101.19915821447935,337.40955590656694,-624.1,1824.9965071816227,121.746,301.54482985526585,2.7,0.45,10000,1000,10,1
39.7569,72.30223373029357,-440.1594,2965.760456055059,60.69357138859477,221.11328491101682,-425.78,1642.4010288945792,76.844,224.13001380963914,2.7,0.5,10000,1000,10,1
22.5293,45.473268427835706,-273.0267,2577.705143993014,34.12862953071411,135.53220195055917,-258.48,998.6670231775546,42.69,143.9324687329289,2.7,0.55,10000,1000,10,1
12.605,27.17202559618992,-126.4734,1074.7903841816938,17.81219324448765,77.62086107445681,-139.36,654.649254918003,21.324,96.67627244658027,2.7,0.6,10000,1000,10,1
7.2373,15.538770501876911,-76.4235,1099.0674500110163,8.711163880416073,42.26253673345136,-71.26,441.0277348946375,9.686,50.90619361192511,2.7,0.65,10000,1000,10,1
4.3918,8.62808743349301,-29.1708,602.0445782454813,4.006614674189994,21.131766151858248,-35.7,244.44116909496825,3.75,27.63428785741617,2.7,0.7,10000,1000,10,1
2.9435,4.789938178097918,-14.5854,294.99365354597586,1.8306554425457042,10.204674418632475,-19.02,172.34038911692204,1.758,14.87049256598165,2.7,0.75,10000,1000,10,1
2.1704,2.7472101921767833,-13.7862,291.97149008877983,0.87020288889357,4.335811309941227,-11.92,98.07586597909167,0.882,8.342004249788557,2.7,0.8,10000,1000,10,1
1.6765,1.5970121320766477,-9.1908,162.06598080279943,0.4071979295897479,2.03256265640123,-7.26,59.39398256150577,0.45,5.161411048967292,2.7,0.85,10000,1000,10,1
1.3705,0.9261909900231163,-6.0939,117.62849114471756,0.18322274658464194,0.877275979767154,-4.92,44.45212254909671,0.19,2.8292579362877124,2.7,0.9,10000,1000,10,1
1.1579,0.48617650087185416,-4.4955,84.06131220823892,0.06677749456045094,0.32141872047358466,-3.58,30.054515923447173,0.088,1.6710880448155185,2.7,0.95,10000,1000,10,1
1.0267,0.17200904046008744,-3.4965,62.29258723469783,0.010362746681611927,0.07905418877061612,-2.72,23.33786763195302,0.018,0.6631138454271631,2.7,0.99,10000,1000,10,1
625.7918,471.4100400423818,-1267.4313,21166.26145626298,230.03681128182728,1886.4492983903974,-1126.84,7934.767020345757,165.774,1498.538695778749,2.8,0.01,10000,1000,10,1
580.0121,453.1289385523617,-1225.3734,18226.25436008102,254.89807666031317,1763.5356357777298,-1222.44,8005.880454927231,193.228,1461.4353079530872,2.8,0.05,10000,1000,10,1
518.8534,425.7386164167399,-1106.6922,11486.649524887138,294.1423462695406,1606.097268470111,-1256.46,7037.693456049231,219.368,1342.7940684137,2.8,0.1,10000,1000,10,1
452.6618,393.20175536327406,-1603.1952,21525.286891079322,313.76033651156547,1425.6466045994143,-1493.32,8339.610919499113,259.49,1293.6293470653636,2.8,0.15,10000,1000,10,1
382.6712,356.3923106501598,-1286.712,11108.503598904612,313.9132039588741,1232.7725949681007,-1291.82,4843.856251163756,257.856,1021.0753070867369,2.8,0.2,10000,1000,10,1
310.8832,314.49344374368127,-1359.3393,10292.580715231406,298.6382318105428,1036.6020181873137,-1392.16,5315.667800645247,283.37,996.0341618163258,2.8,0.25,10000,1000,10,1
243.1995,267.691232018813,-1160.838,7221.725449807908,266.8132343226764,849.4086667719556,-1287.9,4246.7023722064405,247.932,731.9345983089064,2.8,0.3,10000,1000,10,1
179.2507,218.08398531187476,-1156.7421,7422.636432450967,217.33768462996798,670.3643829757949,-1262.36,4216.062706942923,231.698,614.5353384177482,2.8,0.35,10000,1000,10,1
123.7902,168.41168244501327,-1060.2387,8168.877960872979,163.92704333895006,508.1256860260447,-1008.56,2926.0114286666876,187.286,467.4172462502953,2.8,0.4,10000,1000,10,1
79.939,122.25474174444115,-746.7525,5200.04721166492,112.74139437964875,366.26037583774087,-747.9,2113.1304081888084,132.124,328.4799514914924,2.8,0.45,10000,1000,10,1
47.877,82.94398634620836,-525.2742,3250.6043316076516,69.80316228805287,243.082633506923,-516.7,1848.1121886579795,90.248,257.279765593368,2.8,0.5,10000,1000,10,1
27.0959,52.72063451050262,-289.71,1972.9402801998149,39.81553712209458,152.00718910875685,-328.22,1312.7650082161238,47.61,146.04609151252427,2.8,0.55,10000,1000,10,1
14.7862,31.355498553842196,-183.3165,1507.879750730149,20.61277233993609,87.5041727486833,-168.76,744.7949612835974,25.706,106.32766395069592,2.8,0.6,10000,1000,10,1
8.2926,17.87070746333228,-100.7991,971.3515580489499,10.07531696526186,47.524740418621974,-99.98,551.8246557060173,11.738,58.6088974157135,2.8,0.65,10000,1000,10,1
4.8434,9.720158251798166,-51.7482,714.8038422183006,4.5029317702254295,23.227375169007274,-50.18,352.43494242039037,5.358,36.38934259402665,2.8,0.7,10000,1000,10,1
3.139,5.324685812327334,-27.6723,397.02993059628255,2.0387655758158663,11.504058020872568,-23.96,164.62268514043345,1.992,17.257511934569745,2.8,0.75,10000,1000,10,1
2.2603,2.9757593837540024,-15.5844,332.485025385882,0.9401923082522626,4.948990066427363,-12.92,108.0474017461892,1.08,12.660554054341233,2.8,0.8,10000,1000,10,1
1.7223,1.693157615226651,-10.5894,210.24635397689082,0.4260647608191667,2.0890745849565535,-8.58,71.96458497169989,0.376,4.6584111110343125,2.8,0.85,10000,1000,10,1
1.39,0.9636908217888142,-5.994,109.27615518405277,0.1876097153730342,0.8841737574267445,-5.56,47.34248125154728,0.226,2.8826645617375517,2.8,0.9,10000,1000,10,1
1.1661,0.5036971212941365,-3.2967,66.9371670116293,0.06827330791486214,0.3301032064181615,-3.98,32.315074290532586,0.054,1.2154142187634294,2.8,0.95,10000,1000,10,1
1.0282,0.1772138820747404,-3.6963,66.91628834054178,0.010588533009734703,0.07887835782748231,-2.94,24.401146317215506,0.016,0.632284728898176,2.8,0.99,10000,1000,10,1
641.7166,469.17985579566397,-1005.8931,15027.30718828245,188.6959001402244,1790.9313354738938,-994.48,7009.185573077642,144.338,1515.767138038583,2.9,0.01,10000,1000,10,1
598.2508,452.5669244425182,-1261.737,20169.495635142906,216.4941298886927,1710.3883874471,-1093.48,7201.904208750849,150.938,1395.8508946617517,2.9,0.05,10000,1000,10,1
540.4696,428.4000883238004,-947.1519,9238.852197920469,251.8115916216594,1574.2689392543678,-1159.9,6688.344891356796,173.314,1247.6475944175845,2.9,0.1,10000,1000,10,1
477.1481,399.4828626692139,-1365.5331,16792.0203407576,280.2723055027833,1411.336803703447,-1264.18,6490.592092110751,220.484,1257.8147620144844,2.9,0.15,10000,1000,10,1
408.4366,365.5729103481821,-1442.0565,15449.951669515567,291.29643856855444,1238.4289404519366,-1432.2,7262.769027126922,249.894,1186.2815496986857,2.9,0.2,10000,1000,10,1
338.5358,326.19725154936543,-1605.1932,16449.568909470076,284.8819423772639,1047.4595602543047,-1428.2,6407.456149629973,257.422,1019.684034134568,2.9,0.25,10000,1000,10,1
268.5908,282.39610541818735,-1256.8419,7523.0175929659235,264.0296995199899,866.9617780369354,-1333.54,4597.275341162007,239.926,748.8729902991295,2.9,0.3,10000,1000,10,1
202.3843,234.40278030243158,-1257.5412,9311.511231172059,226.29724847234678,695.8973604113587,-1301.28,4608.528855873807,230.094,675.129418065243,2.9,0.35,10000,1000,10,1
142.6732,184.31383128175702,-1032.6663,5171.370948123198,175.37220521340925,533.4589281377691,-1111.94,3275.432533609603,189.792,488.32165888915273,2.9,0.4,10000,1000,10,1
93.5719,136.2911399555745,-814.8843,4458.8902804135905,124.28255353025384,393.7294681624882,-853.92,2589.7573859208883,141.804,348.2716108089914,2.9,0.45,10000,1000,10,1
57.0949,94.18070659105294,-656.2431,4690.683950256563,79.83726434238729,267.8034117648564,-603.78,2158.3455601816213,99.912,278.9017226068841,2.9,0.5,10000,1000,10,1
32.1212,60.223194124523154,-389.5101,2903.727646512755,45.127147871684706,165.77188129364487,-374.28,1357.0684010264577,57.374,177.73998783145967,2.9,0.55,10000,1000,10,1
17.406,36.1154726398534,-223.6761,1751.152128790245,23.979897700779023,98.26486652245829,-206.08,862.5853227037279,30.056,112.46253441108561,2.9,0.6,10000,1000,10,1
9.5496,20.519126195820327,-116.883,1141.9411926538721,11.645802106282906,53.096157038641955,-117.44,621.1525009552358,13.412,63.523552956191125,2.9,0.65,10000,1000,10,1
5.3864,11.045093708973228,-52.6473,539.0452788810773,5.178257023868876,26.10300523450848,-55.26,367.4504516032581,5.8,33.25523404005911,2.9,0.7,10000,1000,10,1
3.3663,5.9298671410074615,-32.2677,498.98190781945505,2.272564782184304,12.692387889836876,-28.52,224.28472967189805,2.818,22.79278015255507,2.9,0.75,10000,1000,10,1
2.3582,3.250214263706318,-12.987,192.77004762183884,1.0188050934608743,5.265810786144208,-15.04,136.9367502438872,1.082,10.601910962256058,2.9,0.8,10000,1000,10,1
1.7641,1.7749510387613514,-9.2907,167.21335779240968,0.43811264204739636,2.1118617394143255,-8.7,72.8343358866435,0.456,5.133682836906365,2.9,0.85,10000,1000,10,1
1.4127,1.0152727269064208,-5.4945,91.943810755176,0.19625144175384293,0.9321460976326738,-6.42,49.830030134350906,0.22,2.90386694673231,2.9,0.9,10000,1000,10,1
1.1726,0.5205854780917347,-4.0959,72.61650100914997,0.06976803056768274,0.34327998288704054,-4.08,32.85516011457888,0.072,1.3546215338425693,2.9,0.95,10000,1000,10,1
1.0294,0.18203197521314765,-3.4965,63.87477269163969,0.010759622354939727,0.0791332849925497,-3.12,25.2651822265998,0.014,0.5289914774344856,2.9,0.99,10000,1000,10,1
654.6678,466.04489917084163,-787.9113,5939.1694132735665,160.12260105139381,1669.556876175829,-965.44,6776.883518360201,111.996,1366.3663021573561,3.0,0.01,10000,1000,10,1
613.3086,450.67303887190764,-776.5227,4861.556587506728,177.656650129607,1633.6979656611165,-1010.42,6858.593985267351,124.08,1340.3268710326304,3.0,0.05,10000,1000,10,1
557.2479,429.4033940778648,-986.6124,11498.047047771091,209.91258321645554,1527.9308139629004,-1056.52,6163.098236081165,164.374,1377.1065283277967,3.0,0.1,10000,1000,10,1
497.2481,403.45314392924234,-1046.8521,10340.606477603624,248.1861449442068,1384.4923978406032,-1237.56,7283.572083025531,208.286,1348.1285128847046,3.0,0.15,10000,1000,10,1
433.4431,371.92619531620784,-1511.9865,19753.51970694334,267.3302133243208,1226.086485675318,-1418.14,7395.924344535375,218.86,1184.1746017157839,3.0,0.2,10000,1000,10,1
362.8963,336.23021926398883,-1379.7189,11596.214408648366,268.95022010740195,1057.3083751589968,-1259.46,4629.476397344667,224.806,960.3857019102498,3.0,0.25,10000,1000,10,1
292.3746,294.9000153863,-1389.5091,12882.651231186524,256.58892146669365,882.6322404317762,-1414.4,5644.090202629787,235.13,856.0977125476641,3.0,0.3,10000,1000,10,1
225.1033,248.4761872476113,-1302.0966,9516.943170388235,228.2592410237678,714.1596776507275,-1287.12,4320.829210013537,215.134,663.0479358994567,3.0,0.35,10000,1000,10,1
161.7248,199.1854835698626,-1136.0628,7647.6589538501,183.97021956598917,556.0584051421878,-1096.0,2931.011273043533,200.996,575.7554319463617,3.0,0.4,10000,1000,10,1
108.147,150.07716745394686,-938.8602,5571.759539148487,134.57065001312046,415.1354452787729,-939.4,2860.156934465131,154.498,389.1143135261142,3.0,0.45,10000,1000,10,1
67.1496,105.5274477083569,-690.1092,4146.9112705945345,88.93984470020847,289.23468222877887,-682.2,2050.020345836069,101.764,249.2922440957533,3.0,0.5,10000,1000,10,1
38.02,68.42657524675629,-448.6509,3498.0745395113568,51.56920784078467,184.35921148061965,-434.42,1527.6454541755973,64.294,199.55245847237322,3.0,0.55,10000,1000,10,1
20.4142,41.21856424428197,-274.3254,2193.772398369627,27.377616375023198,108.83263448896341,-239.08,979.2653622307726,33.342,116.05316828844863,3.0,0.6,10000,1000,10,1
10.9185,23.357047282351424,-116.1837,1136.00999389307,13.311258388326841,58.78226731819217,-127.54,676.2006160358867,14.792,66.51104500690687,3.0,0.65,10000,1000,10,1
6.0183,12.559457198063937,-62.937,796.507260489571,5.950141584984845,29.56273211687132,-69.32,415.10958697303016,6.508,43.882553524725346,3.0,0.7,10000,1000,10,1
3.6427,6.647423313585498,-39.6603,755.4059158582762,2.5870809632653224,14.153343365329178,-33.54,248.8800163256436,2.682,20.161535773657597,3.0,0.75,10000,1000,10,1
2.4634,3.503606775881106,-17.6823,297.016576728295,1.0835613502666688,5.477660440892013,-15.72,114.62196743880274,1.142,10.084939593307443,3.0,0.8,10000,1000,10,1
1.8061,1.8750740758700708,-11.4885,187.35250135433574,0.45738494891991865,2.3382634182160453,-8.44,65.30844447153774,0.576,6.163766965283505,3.0,0.85,10000,1000,10,1
1.4354,1.0696853930011385,-5.3946,108.39042826437182,0.20622430827293156,0.9935308932789717,-6.7,54.3268362829463,0.22,2.917610536916213,3.0,0.9,10000,1000,10,1
1.1795,0.533741276275313,-4.1958,88.13387442035005,0.07024368735997219,0.3381883107892519,-4.16,33.448561712397485,0.08,1.7418103772624145,3.0,0.95,10000,1000,10,1
1.0306,0.18564385257799407,-3.4965,62.29258723469783,0.010794405275838867,0.07768843936725316,-3.26,25.796103269571347,0.008,0.39993998949782456,3.0,0.99,10000,1000,10,1
665.8537,462.67322777129647,-1249.0497,22482.660866676666,128.72875022063445,1562.211801881395,-1008.74,7610.7986465287495,113.884,1414.9413275609854,3.1,0.01,10000,1000,10,1
625.9974,447.77575726387863,-965.034,16427.0987466554,143.65700060887596,1539.5313252897683,-1098.14,8527.324789592965,95.542,1206.3924172931668,3.1,0.05,10000,1000,10,1
572.0911,428.3949675250516,-1204.5942,20230.340881506287,177.62611923206603,1476.6064617567017,-1051.64,6986.072847586345,141.498,1345.8724357298229,3.1,0.1,10000,1000,10,1
515.5753,405.2235335341594,-1074.3246,13438.27714666214,206.14829600375532,1348.6507623821415,-1187.42,7031.506094102113,144.656,1150.3936814092046,3.1,0.15,10000,1000,10,1
453.8967,377.0074410792312,-1290.0087,15450.68929787284,238.78134844087003,1213.0997908946395,-1321.3,6881.266852357153,174.726,1085.3143395558563,3.1,0.2,10000,1000,10,1
385.8605,343.74444117650836,-1102.896,6443.026748582712,250.11849309516316,1057.7765722832562,-1419.44,7020.794203045989,215.078,1077.8978431614144,3.1,0.25,10000,1000,10,1
316.1758,304.94984225993625,-1436.2623,13969.745143546332,245.2491814149206,886.7082122448151,-1443.86,6074.154577863786,218.2,905.0243902319382,3.1,0.3,10000,1000,10,1
247.0369,261.26261412301227,-1522.8756,12505.911014682431,226.48061366938245,726.9172941563572,-1438.9,5360.64664413206,208.548,684.7837502266372,3.1,0.35,10000,1000,10,1
181.3866,213.16917774490756,-1280.3184,9420.108788617059,189.61361099030805,573.8234841964904,-1222.4,3630.3619919808666,198.558,606.6389714815328,3.1,0.4,10000,1000,10,1
123.8353,163.85556802840117,-1024.2747,5973.839219492096,144.21811193319695,433.50892286114936,-1029.44,3013.21377139479,154.196,408.7470379074322,3.1,0.45,10000,1000,10,1
77.737,116.9137888830911,-731.8674,3799.4773735144713,97.15592064064282,307.8358602362128,-768.2,2342.95405489957,113.796,308.9569805419236,3.1,0.5,10000,1000,10,1
44.7584,77.10695966928019,-603.0963,4675.644114495333,58.02512926684457,199.43854204675299,-527.32,1835.9386385902083,73.222,219.3806543502647,3.1,0.55,10000,1000,10,1
23.9183,46.840992998761244,-315.4842,2133.3565806447773,31.20457452362806,119.76026716967745,-307.1,1173.019687609186,40.956,146.76580011708586,3.1,0.6,10000,1000,10,1
12.5355,26.63353412054059,-159.5403,1697.0903380013226,15.304375801447966,65.37994479002477,-164.78,834.1901095756839,16.782,71.62818953284787,3.1,0.65,10000,1000,10,1
6.7368,14.237939659936757,-85.7142,1082.869853135751,6.829783783357164,32.901322195350446,-83.66,451.6208592835964,6.954,38.80196442506905,3.1,0.7,10000,1000,10,1
3.919,7.367566694642132,-32.967,506.382342917604,2.8703689789993607,15.284012806319135,-35.38,239.96252582722192,3.0,23.896801160627568,3.1,0.75,10000,1000,10,1
2.583,3.803223764124325,-19.3806,290.6250567931189,1.1717286649468446,5.797527399933566,-18.2,136.93295828070885,1.202,16.74225869835466,3.1,0.8,10000,1000,10,1
1.8634,1.9910149271163187,-10.7892,198.51542408770177,0.4822464517914942,2.3520090542687835,-11.5,87.22677829133154,0.54,6.743363203530525,3.1,0.85,10000,1000,10,1
1.4554,1.100095832189178,-5.4945,102.22458587025744,0.20763128395684743,0.9696502874302954,-6.58,52.621103162607724,0.22,3.180033216984708,3.1,0.9,10000,1000,10,1
1.1873,0.5513789168983523,-3.3966,66.18236561949034,0.07173236635329858,0.3497263377050579,-4.4,35.50726794062957,0.056,1.130040574125512,3.1,0.95,10000,1000,10,1
1.0316,0.18921268456422258,-3.6963,60.65730786318927,0.010836570663584049,0.07708455510119816,-3.3,26.099389222964223,0.02,0.6321708345031426,3.1,0.99,10000,1000,10,1
677.5673,458.65504976039455,-1274.6241,23817.572564476122,121.59969914651997,1461.4111350717108,-1026.36,7893.552303443409,103.326,1353.660273974875,3.2,0.01,10000,1000,10,1
635.7501,445.1002519096007,-945.6534,15439.512972608676,126.75817436106321,1442.0785947352042,-934.0,6431.217929475383,104.314,1319.2949190049708,3.2,0.05,10000,1000,10,1
585.3044,426.24593950047193,-976.2228,15339.73065240746,145.92388326236076,1405.1368084910578,-1067.3,7719.256013460115,106.482,1227.8055767626377,3.2,0.1,10000,1000,10,1
530.0306,405.4677282640876,-937.3617,10979.385956950066,178.78474137588273,1317.0061924327879,-1112.24,7005.846013882766,140.536,1260.0801613013714,3.2,0.15,10000,1000,10,1
471.1606,380.03700873420206,-1579.0194,22568.335098241838,212.3512418022628,1190.149081490132,-1354.96,8172.130307929322,167.058,1139.2096929487789,3.2,0.2,10000,1000,10,1
407.1015,349.1943352887472,-1426.0725,16124.07027109019,230.84479443511887,1046.5252951984176,-1358.12,6765.031753884316,195.708,1115.9131619236755,3.2,0.25,10000,1000,10,1
337.6177,313.4809030016183,-1357.2414,12752.511894520549,232.93259029370626,895.1961000198146,-1310.66,5161.057063761409,188.36,827.8058206171692,3.2,0.3,10000,1000,10,1
267.1312,272.1217462581041,-1345.9527,13404.565729896043,221.60718993622513,738.5113087482113,-1325.82,4849.421101131722,204.676,779.7589226304128,3.2,0.35,10000,1000,10,1
200.8429,225.6492406802868,-1284.5142,8910.434537920348,193.10884941768694,589.6378582907272,-1311.78,4463.782002582189,191.378,601.160078897498,3.2,0.4,10000,1000,10,1
139.7196,176.4160808311986,-1094.3046,6138.51761708577,149.93525762618313,447.5097421246829,-1129.6,3540.7142649118937,163.43,468.7575156313188,3.2,0.45,10000,1000,10,1
89.2724,128.49228069514527,-854.4447,5631.714852863231,105.51422574142164,326.7773827678967,-861.16,2463.7293785326874,116.25,308.8476585432028,3.2,0.5,10000,1000,10,1
52.3136,86.24481697493478,-600.8985,4872.2609978654555,65.41629493918984,216.55115429976257,-628.14,2154.857879686771,80.476,244.60236396168693,3.2,0.55,10000,1000,10,1
27.9357,52.916539621464295,-381.618,2841.1470125832475,35.30775729158737,129.99922225603552,-343.4,1235.5909956417013,42.34,135.1344165305534,3.2,0.6,10000,1000,10,1
14.2794,29.918267590888348,-189.7101,1406.5111885194276,17.188056509194546,71.92916290774339,-177.16,770.808503439666,21.122,94.20312382747126,3.2,0.65,10000,1000,10,1
7.4813,15.854098848878166,-77.8221,800.258089463996,7.58031748621607,36.09363199971715,-85.88,500.9128836152022,8.698,49.454518205489514,3.2,0.7,10000,1000,10,1
4.2178,8.115612309616571,-39.2607,513.4723249780478,3.1426548337143867,16.511563045333684,-40.24,253.03585736909199,3.264,25.996420626473537,3.2,0.75,10000,1000,10,1
2.7062,4.162581117527921,-18.7812,246.43660610112832,1.2868842530455717,7.176580170506162,-21.0,194.73775257825054,1.17,9.395739885330974,3.2,0.8,10000,1000,10,1
1.9243,2.1452201542032934,-10.2897,185.27975991147355,0.5207449303681778,2.611221082132018,-13.48,109.63344174637096,0.548,6.159828759716857,3.2,0.85,10000,1000,10,1
1.4773,1.1457245349559377,-7.992,138.92183868537865,0.21380578616842968,0.9912198084087172,-6.84,53.53037408887603,0.226,2.8124215493942493,3.2,0.9,10000,1000,10,1
1.1928,0.5605605765659943,-3.4965,65.41870335328302,0.07111735744539562,0.34094954546190986,-4.24,34.72956973965313,0.056,1.1649033006949534,3.2,0.95,10000,1000,10,1
1.033,0.1931605549795299,-3.5964,59.83500254694553,0.010915268206661893,0.07581714383395564,-3.44,26.61272672467765,0.012,0.48977544650461985,3.2,0.99,10000,1000,10,1
687.3082,454.953173208804,-1093.5054,19759.976933357273,105.76088535681292,1363.0823094551656,-991.3,7436.357862006455,83.152,1239.3946565995357,3.3,0.01,10000,1000,10,1
646.5121,441.5222794532457,-904.4946,13432.777444451242,116.93146409392432,1341.3638597501695,-1000.04,7446.666991569339,99.932,1306.9481117139544,3.3,0.05,10000,1000,10,1
595.6951,423.6457871099275,-918.9801,13114.093215803801,125.1386022178075,1322.1300072573888,-928.74,5897.862366183958,87.174,1151.5513973705556,3.3,0.1,10000,1000,10,1
543.3915,404.20074100346477,-1369.0296,21602.962486824454,149.17344517398013,1266.687611763114,-1238.36,8672.27175197676,108.438,1143.7932271396985,3.3,0.15,10000,1000,10,1
486.3679,381.6375554758598,-1425.3732,20195.424566595877,178.97456578050972,1158.4974532585659,-1210.64,7338.767235772916,122.9,1027.8530820092042,3.3,0.2,10000,1000,10,1
425.214,353.50880668520836,-1318.0806,15825.348095859981,206.3653056892481,1034.3582009267109,-1263.34,6167.358241189458,158.06,1004.7027317360672,3.3,0.25,10000,1000,10,1
357.0957,320.2212309349741,-1459.4391,17433.529646904157,217.04968885517948,895.3365366793038,-1458.8,7155.266476088391,191.92,998.5446323215972,3.3,0.3,10000,1000,10,1
287.43,281.06020547206606,-1604.394,15685.94216064533,212.04833253844296,743.8284176582528,-1480.5,6213.220755873408,203.282,859.2265216446416,3.3,0.35,10000,1000,10,1
219.533,236.8254861939483,-1301.2974,9437.180131810415,193.10923644098003,599.8024496459923,-1321.96,4615.0839275538465,180.754,611.6033987444277,3.3,0.4,10000,1000,10,1
155.8998,188.50210651332253,-1436.7618,11042.40747489174,155.9033975273228,462.28423463053656,-1221.66,4002.341404487104,162.184,491.6692831694911,3.3,0.45,10000,1000,10,1
101.4347,139.7445309695875,-1023.3756,6657.002373349775,112.73939375118914,340.7893071944146,-954.88,2881.086297115229,124.728,334.40757894952964,3.3,0.5,10000,1000,10,1
60.4537,95.51386735081978,-646.353,3491.160158072948,72.26051465327208,231.82942450938887,-680.78,2032.3866883949809,84.444,233.74027106049044,3.3,0.55,10000,1000,10,1
32.3859,59.26664138611197,-423.4761,3133.675701691087,39.45963325732628,140.64416967852836,-411.26,1446.2635929311173,48.566,172.66605051514918,3.3,0.6,10000,1000,10,1
16.4768,33.764055765858465,-247.3524,2250.789757544562,19.549013812182423,78.78669482603122,-230.1,974.9179639865348,22.57,88.74042250439551,3.3,0.65,10000,1000,10,1
8.4025,17.784254095969278,-127.4724,1341.3778497096966,8.537645545510443,39.390546556621,-109.22,541.6200945613847,10.656,53.30078574820579,3.3,0.7,10000,1000,10,1
4.5396,8.90766141251451,-42.7572,740.893829111001,3.4209193893718113,17.61242337735812,-42.74,288.61327440403056,3.816,30.07338665429096,3.3,0.75,10000,1000,10,1
2.8323,4.482340539271866,-20.3796,291.9275250328875,1.3765453142893436,7.657768782742877,-21.56,167.81532289472207,1.266,12.291962952894202,3.3,0.8,10000,1000,10,1
1.9829,2.298827438064893,-9.6903,137.00435761431288,0.5584432318917727,2.8276821386508426,-12.94,96.40272687312769,0.572,7.483208926762913,3.3,0.85,10000,1000,10,1
1.5011,1.1917209362933925,-6.7932,109.22938038602047,0.21998893385260448,1.0137621627371303,-7.88,56.30473001677769,0.196,3.206651253445894,3.3,0.9,10000,1000,10,1
1.1995,0.5696487953116376,-3.0969,74.02677020281695,0.07059164345993532,0.3309672375293722,-4.38,34.88462833010225,0.04,1.2322953603684137,3.3,0.95,10000,1000,10,1
1.0342,0.1960366292303558,-4.0959,65.38390787289234,0.01087542700659223,0.07377303656399063,-3.64,27.328100601912514,0.012,0.4897754465046198,3.3,0.99,10000,1000,10,1
695.5841,451.50388495248853,-889.4097,12015.85359878426,87.89876405947446,1289.9210103614175,-942.84,6600.695240061098,95.65,1334.5029963715826,3.4000000000000004,0.01,10000,1000,10,1
656.1664,437.9750300086068,-1071.8271,18950.415669473063,98.47629483150747,1271.054145130965,-983.0,7051.3008079579495,85.808,1237.5564236535529,3.4000000000000004,0.05,10000,1000,10,1
604.7739,420.97939590767385,-1190.808,20502.772165201997,113.3064909163212,1240.1170184535695,-1040.46,7741.271195118516,92.178,1207.384211417144,3.4000000000000004,0.1,10000,1000,10,1
554.1103,402.3145502388772,-1058.0409,16784.12269068231,124.59620058405427,1211.0444621365107,-1018.02,6856.501472386928,95.03,1145.0959014695482,3.4000000000000004,0.15,10000,1000,10,1
499.0662,381.70405606642436,-917.082,10780.683011984745,155.83302433868786,1133.033849388351,-1072.98,6482.114446719529,118.064,1119.9770384970739,3.4000000000000004,0.2,10000,1000,10,1
439.8076,356.40468709353416,-1016.4825,10036.23096950748,185.1969655824892,1017.7219127159439,-1191.26,6577.578130726124,149.634,1064.0958114914292,3.4000000000000004,0.25,10000,1000,10,1
375.9819,325.2109084461805,-1360.0386,14875.702511815436,202.6214415149688,887.3277159914127,-1426.66,6888.589878302462,176.89,1013.2131799353973,3.4000000000000004,0.3,10000,1000,10,1
306.8962,288.85170663432126,-1342.1565,13233.837736965515,202.80924970119915,748.1167451313078,-1414.68,6097.128340046606,170.78,772.7854497434158,3.4000000000000004,0.35,10000,1000,10,1
237.5011,246.64841698010144,-1231.8669,6566.454042590546,189.0669912730622,606.9132983412114,-1323.2,4478.883320603469,165.04,568.7867001179117,3.4000000000000004,0.4,10000,1000,10,1
172.1187,199.86577048186615,-1159.9389,6915.702531812487,160.31018911514846,475.3153886895048,-1245.44,3874.243691718202,158.794,508.6352490200169,3.4000000000000004,0.45,10000,1000,10,1
114.3444,150.85898842508524,-969.1299,5297.377569565666,119.30317927118111,352.041487311308,-1038.06,3163.0206933231784,126.628,365.03692253179156,3.4000000000000004,0.5,10000,1000,10,1
68.8472,104.6726375523231,-729.5697,4251.114499750732,78.2514187932632,245.0284303786014,-721.56,1934.2092138463959,93.16,285.638396104818,3.4000000000000004,0.55,10000,1000,10,1
37.3952,65.91397891919438,-452.9466,2995.1225094865695,43.893006940589146,151.65452085738426,-485.38,1659.8354620190814,54.628,178.81011974128361,3.4000000000000004,0.6,10000,1000,10,1
18.9083,37.857129990399436,-250.749,1617.1033128132017,21.984922793099827,85.68163718001134,-269.2,1107.4755122353813,25.572,95.47033190697223,3.4000000000000004,0.65,10000,1000,10,1
9.4722,20.038453711801218,-118.6812,1045.374173433995,9.731261984862634,43.61619795451855,-128.0,643.0375958954294,10.752,54.64259398406824,3.4000000000000004,0.7,10000,1000,10,1
4.9316,9.817704489339654,-82.8171,1237.4626460736633,3.780093332659408,19.226149456730028,-54.8,319.6610365963168,4.268,32.29440305760249,3.4000000000000004,0.75,10000,1000,10,1
2.9576,4.810135366078589,-26.0739,420.336291198559,1.4630839408301541,8.275073030853186,-21.76,160.07830866950914,1.434,12.515562629414353,3.4000000000000004,0.8,10000,1000,10,1
2.0384,2.429264382482895,-13.986,223.84962155274448,0.5859679241487897,2.9346122539818924,-12.36,100.79804772237638,0.68,8.728414433438193,3.4000000000000004,0.85,10000,1000,10,1
1.5213,1.23545388825322,-8.7912,190.92720267743994,0.22386264591414928,1.0323973095683816,-7.68,58.7653208643808,0.244,3.9219895716613045,3.4000000000000004,0.9,10000,1000,10,1
1.2051,0.5798568702705866,-4.6953,84.05038789131476,0.07034951463265987,0.3284808080728461,-4.08,32.61073360098787,0.074,1.5603741463981242,3.4000000000000004,0.95,10000,1000,10,1
1.0353,0.19913289532370085,-3.8961,65.39611892174491,0.010867087550712012,0.07248778017617673,-3.74,27.822469498247237,0.004,0.28282856857099853,3.4000000000000004,0.99,10000,1000,10,1
704.526,447.6498673338349,-915.8832,13923.3473343538,72.72722126144836,1201.5578830374202,-995.02,7381.8347548583615,77.364,1216.4202478279997,3.5,0.01,10000,1000,10,1
664.5693,434.5836734134291,-1197.1017,21180.004567074655,84.83564999451531,1191.181047903065,-1044.5,7854.0287959004,73.868,1132.9512418580255,3.5,0.05,10000,1000,10,1
613.9453,417.91003231306854,-963.4356,15588.270027411554,101.337248467524,1168.3229018160453,-954.26,6724.361795483318,93.232,1230.414038462909,3.5,0.1,10000,1000,10,1
563.2628,400.01956494171634,-1135.5633,19116.183574527593,106.90387040801028,1147.0659348197275,-942.8,6163.2406016211435,75.508,1035.9456840404464,3.5,0.15,10000,1000,10,1
510.68,380.5650840526493,-968.8302,11919.854530596042,133.068197941829,1096.7505708099488,-1097.96,7236.224439085155,99.534,1069.4577115639881,3.5,0.2,10000,1000,10,1
453.7843,357.71225359709166,-1192.5063,14219.270617280234,157.6592099969863,992.8631873353702,-1169.7,6747.949569486958,126.024,1027.8078761748388,3.5,0.25,10000,1000,10,1
392.3179,329.060488420579,-1496.9016,17911.11283141847,183.4375764420687,877.9479163820149,-1265.26,6246.809057009784,147.356,925.6428959059072,3.5,0.3,10000,1000,10,1
323.5332,295.07359471453896,-1322.2764,12347.315045753347,189.95193098857715,749.0616314845671,-1355.54,5843.412175688577,174.392,898.3077234514915,3.5,0.35,10000,1000,10,1
254.3938,255.21666074447413,-1466.6319,13016.098172938278,183.56853857303244,613.1877532844067,-1382.64,5342.63914275529,163.602,687.1690663356237,3.5,0.4,10000,1000,10,1
188.1056,209.78879342958243,-1321.1775,10513.750986578221,160.94616283980585,483.3018228750097,-1290.76,4283.709331754887,158.956,533.6524229822774,3.5,0.45,10000,1000,10,1
127.1869,161.23181251970718,-1078.92,6514.280689522841,124.11385487059069,362.3183166739299,-1105.12,3041.380407821177,133.318,407.33404348065216,3.5,0.5,10000,1000,10,1
78.0147,113.86342381954796,-983.016,6861.251063396491,84.00905036621356,258.2281520687386,-805.68,2283.4029715564993,94.984,272.3567101463743,3.5,0.55,10000,1000,10,1
42.9751,72.90116240493015,-560.3391,3308.21196409044,48.48874253398283,162.39163236978476,-551.8,1815.7991278352526,60.184,204.41150787187848,3.5,0.6,10000,1000,10,1
21.4787,41.977583855076745,-336.1635,2671.1964907952756,24.219641374932138,92.6152075962007,-278.0,1020.519547100692,30.15,118.39366201752775,3.5,0.65,10000,1000,10,1
10.5641,22.22905961101369,-134.2656,1169.5869914759242,10.774840767307753,46.592305428773315,-136.16,659.9151484852579,12.236,65.0278645375706,3.5,0.7,10000,1000,10,1
5.3928,10.949488945151732,-85.914,988.0013080266979,4.274208980462563,21.148194735751925,-65.8,401.38568864261305,4.78,28.515836219397976,3.5,0.75,10000,1000,10,1
3.1083,5.210467455996631,-29.97,419.7198982408363,1.5855740968647114,9.096092007643547,-26.84,164.5427659673412,1.816,17.00150137796396,3.5,0.8,10000,1000,10,1
2.0972,2.5578022128382014,-13.4865,199.10378813471868,0.608372663204912,3.008908885218499,-13.34,106.97284103393667,0.658,6.670193786428911,3.5,0.85,10000,1000,10,1
1.5441,1.2967864858950373,-7.0929,105.017163978385,0.23288208944986064,1.0928081465107549,-7.44,61.45749834162013,0.198,2.4660503118172667,3.5,0.9,10000,1000,10,1
1.2117,0.5962240434601744,-5.3946,97.73772637603003,0.07150613147258857,0.34016757320994706,-4.34,34.88962780845994,0.088,1.7867778982083231,3.5,0.95,10000,1000,10,1
1.0363,0.2014505150154747,-4.6953,71.1917557342032,0.010781908989264306,0.07057656345041129,-3.86,28.23437830043015,0.006,0.3463755153006055,3.5,0.99,10000,1000,10,1
711.5782,444.40819871460513,-917.4816,13920.051698093264,71.18061452429477,1128.012394325778,-1027.78,7687.957774407591,77.506,1219.6280782389863,3.6,0.01,10000,1000,10,1
672.2747,431.3053705205976,-808.8903,9432.73984281132,74.47965782666581,1120.8416098226191,-1029.74,7645.630719522746,75.416,1165.4604655472765,3.6,0.05,10000,1000,10,1
623.0946,414.5099782283172,-1240.8579,22134.72422450203,86.38687482279046,1106.8018481727822,-1166.78,8976.364405670838,74.52,1126.9075213415545,3.6,0.1,10000,1000,10,1
571.8173,397.4770226323907,-1217.6811,20797.83462742989,103.17464552518022,1075.7877771685187,-1109.46,8202.080097157796,72.008,1031.6942993196799,3.6,0.15,10000,1000,10,1
520.7384,378.9079850906286,-1098.7002,16526.552363394552,112.13066996673723,1048.5205221314209,-1138.56,7865.102358514541,93.686,1101.7962646991007,3.6,0.2,10000,1000,10,1
465.5862,357.95481191005103,-1094.8041,14636.818413611974,137.2694267243862,972.7242400076996,-1219.72,7735.4520775119745,103.692,989.8385460117813,3.6,0.25,10000,1000,10,1
406.0776,331.8229714444737,-1164.3345,13077.571898769529,165.27093455293195,865.8028849224145,-1202.28,6338.389410538924,122.208,894.4316214940932,3.6,0.3,10000,1000,10,1
340.4359,300.11666979891334,-1395.3033,14729.965180676141,180.88278572422257,745.1034900305915,-1350.7,6240.188739577558,155.7,873.7439515380263,3.6,0.35,10000,1000,10,1
271.4774,262.18990348455446,-1572.8256,14873.81949644495,175.17851842458725,614.4684235604302,-1518.24,6228.887156300119,161.852,732.9725062821228,3.6,0.4,10000,1000,10,1
203.7743,218.7896692248288,-1509.489,11443.823039563968,160.1876301034662,490.02530785074896,-1314.22,4309.710796830251,145.184,534.2725061755335,3.6,0.45,10000,1000,10,1
140.5174,170.97947507592835,-1052.3466,6580.179283287689,127.6947558993999,371.72705286727165,-1147.14,3520.3046849537736,135.938,442.59833877337195,3.6,0.5,10000,1000,10,1
87.5913,123.01595451123403,-898.2009,5534.098251791817,89.28122447299769,267.5201261334251,-878.2,2361.8862399914747,98.67,302.14519733404205,3.6,0.55,10000,1000,10,1
49.0985,80.15492747018115,-679.0203,5249.273891608897,53.61243366468466,173.98317122234977,-622.08,2034.3348606934264,63.242,202.35697237907826,3.6,0.6,10000,1000,10,1
24.631,46.73949977267622,-373.7259,2334.775507588743,27.129940762466028,99.66921196932353,-358.2,1288.6127472135406,32.758,117.7499891379791,3.6,0.65,10000,1000,10,1
11.8286,24.782058470595214,-211.4883,2344.0622670172984,12.121238844443956,51.307288904752426,-164.16,724.1988268383756,14.24,72.5792613279957,3.6,0.7,10000,1000,10,1
5.9257,12.161479330657105,-86.6133,1032.4508740099136,4.800198179243295,23.459521950246558,-81.8,490.32723979013036,4.962,28.94930676607341,3.6,0.75,10000,1000,10,1
3.2942,5.676023816017688,-41.7582,566.2531589287248,1.7321805508506543,9.618264708297762,-34.06,249.70813325797283,1.838,15.389783641885757,3.6,0.8,10000,1000,10,1
2.1634,2.728534485763374,-18.8811,267.22072646869196,0.6465279825444071,3.291198169035343,-15.5,112.02234107752814,0.686,6.850846473957868,3.6,0.85,10000,1000,10,1
1.5661,1.3448534455471348,-9.3906,141.68078266320245,0.23827984029949467,1.124519151106909,-7.68,58.2868538843329,0.244,3.203356075901476,3.6,0.9,10000,1000,10,1
1.2188,0.6131285020287347,-4.6953,77.88688525419066,0.07276280318520978,0.34533490231823327,-4.62,37.50728302114088,0.056,1.1987525602767557,3.6,0.95,10000,1000,10,1
1.0375,0.20516761440344333,-5.0949,73.91612715352001,0.010856226969371491,0.07012623401611374,-3.94,28.64539152892808,0.012,0.48977544650461985,3.6,0.99,10000,1000,10,1
718.5692,440.99967620323713,-826.173,9924.095339117866,67.85245565597975,1056.7404891893707,-1000.02,7265.43891722076,61.514,1087.0373281627828,3.7,0.01,10000,1000,10,1
679.5563,428.0468166337766,-816.7824,9466.214738817116,66.39932900661347,1057.5738592880944,-941.08,6406.420580641393,72.524,1144.7598686797564,3.7,0.05,10000,1000,10,1
629.827,411.71731135695524,-982.3167,15493.194437267877,72.12935352810197,1043.2309926272048,-990.78,7012.299211073538,67.884,1064.6600173948793,3.7,0.1,10000,1000,10,1
579.6289,394.86772770738054,-946.8522,14645.345681101799,90.64053030489464,1019.5295634273199,-1012.12,7258.502992502602,71.804,1042.8068901791073,3.7,0.15,10000,1000,10,1
529.1139,376.83820497235945,-924.075,12012.12791879477,94.89667045305305,1001.5859397407321,-1040.02,7106.765580156779,67.566,940.6398651873084,3.7,0.2,10000,1000,10,1
475.8861,357.2442821470905,-965.6334,10661.959421357536,122.18773484729678,947.4058764840354,-1130.36,7149.322593907423,94.732,997.4144032071987,3.7,0.25,10000,1000,10,1
418.2195,333.4594079040956,-1134.2646,12073.834556978067,145.04074326785798,846.4079977756163,-1176.62,6151.180136958089,115.178,904.847359055835,3.7,0.3,10000,1000,10,1
355.9132,303.71172592733393,-1197.4014,11370.986184230384,164.883215292302,736.6562200526583,-1412.18,7050.734637858196,133.638,843.9743089806832,3.7,0.35,10000,1000,10,1
287.2292,268.40664907442215,-1217.8809,9834.290458584066,168.71758357371706,617.9972763191635,-1416.8,6173.064752037133,138.428,658.2886169502863,3.7,0.4,10000,1000,10,1
218.3277,226.83942583402475,-1485.1134,11863.751661084618,156.91739316844584,494.8714047446686,-1327.06,4578.4158773089375,139.336,508.26476605332493,3.7,0.45,10000,1000,10,1
153.7509,180.2840743082705,-1164.834,5743.368139759359,130.46087512813403,379.5561322937289,-1165.92,3433.694450494676,131.354,430.8343631940828,3.7,0.5,10000,1000,10,1
97.7205,131.89531826319688,-1045.2537,6305.0703737688855,93.79933029648437,274.54734899807687,-1006.44,2840.8839449296156,105.93,331.88993686615345,3.7,0.55,10000,1000,10,1
55.5725,87.42940548665534,-783.9153,5757.765575252944,58.249714061651765,182.97820482953693,-699.32,2126.1729936107918,68.886,219.98381370416595,3.7,0.6,10000,1000,10,1
28.0085,51.63821286363423,-384.9147,2422.658834876865,29.860645624852214,105.78574317342614,-397.86,1286.6285251369834,34.77,131.5021535247167,3.7,0.65,10000,1000,10,1
13.2283,27.387646468983053,-177.4224,1301.4742425797947,13.418355265364232,55.30458027286226,-180.38,752.491647772915,14.924,66.19813020957861,3.7,0.7,10000,1000,10,1
6.4577,13.410712535506827,-90.2097,977.6130873002653,5.330804944019214,25.365428468603525,-84.2,460.52531782393424,5.874,33.18864674293398,3.7,0.75,10000,1000,10,1
3.4871,6.162615807431127,-49.8501,664.3569441534531,1.889002354074415,10.212741294637038,-35.7,236.23524442612475,2.502,22.215070266256046,3.7,0.8,10000,1000,10,1
2.2341,2.89711877388553,-17.8821,335.80503316898063,0.686955801216922,3.515587326982486,-17.52,132.75093928552113,0.648,7.822161761397046,3.7,0.85,10000,1000,10,1
1.588,1.3935049336116467,-9.3906,161.43744620299114,0.2434182488404628,1.163884977658571,-8.24,61.61559906553551,0.27,4.423692677581769,3.7,0.9,10000,1000,10,1
1.2249,0.6239551185782516,-6.993,111.02946953539195,0.07255934853964116,0.3472017459276435,-4.84,37.319079187020904,0.112,2.016894341872828,3.7,0.95,10000,1000,10,1
1.0386,0.20859060381522462,-5.2947,77.84843151752625,0.010890982573112188,0.06952270284603061,-4.1,29.17661953538742,0.02,0.6321708345031425,3.7,0.99,10000,1000,10,1
724.6613,437.9274928367823,-982.8162,14974.360390010872,66.58018752648188,1004.581027258146,-947.54,6348.902488200653,84.958,1281.6161173390506,3.8,0.01,10000,1000,10,1
686.1266,424.96413492486636,-1300.3983,23172.32302099805,65.46896530116837,987.0346453965761,-1052.52,7822.385353641312,56.604,1013.2761223052696,3.8,0.05,10000,1000,10,1
637.3599,408.4876964756589,-1024.4745,16115.628005285747,67.34392633979958,977.1999718616344,-1117.98,8450.498790756747,53.18,949.0863628207968,3.8,0.1,10000,1000,10,1
587.2463,392.08197412825547,-1132.7661,17954.27499557842,77.1826337192714,966.9138060698705,-935.8,6101.892957907979,70.436,1067.8783855517595,3.8,0.15,10000,1000,10,1
536.1982,374.79307106289997,-1067.6313,16404.563918095926,89.47666066413228,938.8953390127839,-1059.08,7416.993645209177,75.586,1035.6809065045131,3.8,0.2,10000,1000,10,1
484.6638,356.01315645571304,-1356.0426,21774.04255101671,103.50027305987554,905.7747712038782,-1062.96,6857.642361940176,87.082,1002.4190589134703,3.8,0.25,10000,1000,10,1
429.4278,334.16090284047294,-1022.7762,12501.793278111361,126.1767754418649,829.9688246757273,-1152.28,6364.664146407857,90.836,879.4712093438914,3.8,0.3,10000,1000,10,1
368.9791,306.68846255310945,-1262.2365,13164.827675504921,151.08728837868807,728.9888075525682,-1275.02,6246.965860147292,117.87,810.1987566656284,3.8,0.35,10000,1000,10,1
301.0611,273.42456833062755,-1259.6391,12162.391266070257,158.8358761328071,618.1789371794353,-1319.96,5561.21482316867,147.496,815.2984000549205,3.8,0.4,10000,1000,10,1
232.2332,233.88009966168562,-1326.0726,11044.604971062836,151.9474387152118,498.7991206617695,-1355.7,5042.83814251986,144.58,654.6210785451744,3.8,0.45,10000,1000,10,1
166.939,188.84234291863675,-1275.6231,9448.394519448577,132.143753654876,386.2036166946476,-1280.8,4263.420344665012,130.2,472.75210148125785,3.8,0.5,10000,1000,10,1
108.1311,140.6208957189151,-1009.8891,6816.653435462823,98.31966433166808,282.354893858825,-1043.56,2944.8099627941524,101.966,320.8539692304851,3.8,0.55,10000,1000,10,1
62.3422,94.60890285358985,-738.9603,4204.0116913436395,62.396825489048986,192.15612246535065,-718.42,1842.7024336082814,72.03,238.34017643689532,3.8,0.6,10000,1000,10,1
31.5759,56.546250443243366,-474.0255,3218.7320879618355,32.75384207295855,114.11048483413772,-430.88,1537.5886457321244,40.414,149.72838896831257,3.8,0.65,10000,1000,10,1
14.7901,30.150413628837665,-260.0397,2457.4078126838644,14.796253307096224,59.52435683532116,-218.28,919.677346813666,18.678,86.84380519444129,3.8,0.7,10000,1000,10,1
7.0294,14.651796328095745,-93.8061,1063.5461770651357,5.828026187458608,27.58166623110236,-90.1,406.3477597454981,6.614,49.49969723142355,3.8,0.75,10000,1000,10,1
3.7101,6.763272727755402,-49.3506,637.1711906483683,2.1038650735727833,11.322999275561596,-42.68,278.4567675908447,1.994,16.683278969666542,3.8,0.8,10000,1000,10,1
2.3018,3.0759253501995136,-19.2807,386.83687671217234,0.7255310807606111,3.7509676867376074,-17.9,144.1862301570323,0.774,9.904076588622855,3.8,0.85,10000,1000,10,1
1.6115,1.4399193553807101,-7.3926,114.54376758562323,0.24821382685992313,1.1695287685225502,-8.64,65.22097651505808,0.206,2.7565057287049552,3.8,0.9,10000,1000,10,1
1.2343,0.6442076606188412,-5.8941,92.99856535724543,0.07441331234519993,0.3537941791407573,-5.54,40.662928416122924,0.088,1.6225040067516605,3.8,0.95,10000,1000,10,1
1.04,0.212602916254693,-5.1948,75.90781285589289,0.010999385844051085,0.06910484818193638,-4.32,30.023786283116884,0.012,0.48977544650461985,3.8,0.99,10000,1000,10,1
732.8728,433.51510564242164,-1134.4644,19742.44078925309,61.486452893261905,955.3465880299541,-1054.02,7881.553256038608,59.58,1077.2066937343561,3.9,0.01,10000,1000,10,1
692.2324,421.874418269513,-1013.3856,16294.734220435876,63.178193072993345,933.2530306147331,-940.06,6274.594827590467,51.024,971.0230687290594,3.9,0.05,10000,1000,10,1
643.4524,405.7424223990388,-805.8933,8797.344537268384,61.23561642764526,924.6717597252276,-1004.86,7135.050334421438,51.576,931.2782205852415,3.9,0.1,10000,1000,10,1
593.9144,389.3360896097869,-953.6454,14626.689745624279,66.47791809832509,911.4334377220324,-927.9,6063.870269247539,63.876,1002.8625578587503,3.9,0.15,10000,1000,10,1
543.2861,372.5131117783507,-853.9452,11274.654614198342,81.0638535210288,894.7658093477949,-1104.08,7716.894867771625,66.178,982.0893249904644,3.9,0.2,10000,1000,10,1
493.2694,353.96792061377545,-1079.7192,15661.390528253842,85.81906083556895,872.924323862214,-1045.36,6709.759202628341,62.48,865.8009995010827,3.9,0.25,10000,1000,10,1
438.5756,333.96985894634264,-880.7184,7842.241871471354,112.79843192874105,813.721981434956,-1145.18,6774.85207437498,99.008,996.5721306243486,3.9,0.3,10000,1000,10,1
380.0984,308.6850889133455,-1315.683,16229.931982578575,135.71380324832998,715.5640433196738,-1201.9,6263.739764197055,98.198,776.8102060385281,3.9,0.35,10000,1000,10,1
315.3069,277.4769603271414,-1300.3983,12229.574361021821,150.8343843121024,613.3940946108816,-1329.92,6028.4010280915745,130.028,776.7969236306592,3.9,0.4,10000,1000,10,1
246.1721,239.78550765546694,-1401.1974,11787.541136158843,146.47856031015772,500.30668667021183,-1350.62,5061.933220854779,147.036,708.7494954416044,3.9,0.45,10000,1000,10,1
180.12,196.31183509916053,-1284.3144,7678.54434455371,132.00142036621548,391.0010951987953,-1347.36,4513.84653166799,121.852,473.39017725549843,3.9,0.5,10000,1000,10,1
118.541,148.68051963522322,-1161.3375,6657.368881430269,100.93426010420559,288.14163686503815,-1121.76,3103.999030830767,107.978,366.3612064197804,3.9,0.55,10000,1000,10,1
69.504,101.8563006593112,-822.6765,4843.316253155534,66.26165079537371,199.95217332788218,-802.6,2184.338429236034,73.68,239.52526972218098,3.9,0.6,10000,1000,10,1
35.6697,61.822296964040405,-565.0344,4594.554231878824,35.84632376340778,120.65022908419857,-504.14,1646.357770896405,42.972,151.63174613069475,3.9,0.65,10000,1000,10,1
16.6405,33.21192345754759,-255.4443,2203.5603254071084,16.375288633129223,63.716878493016324,-251.16,935.3107157589404,19.724,88.26677135985335,3.9,0.7,10000,1000,10,1
7.6976,16.05379563343199,-136.7631,1397.4414170296345,6.403306112653247,29.479770787755836,-109.26,597.9749240570044,7.42,44.31997321753026,3.9,0.75,10000,1000,10,1
3.9375,7.317799788870969,-39.8601,529.1268770844998,2.2722110698996274,11.709384350464084,-44.96,276.65547568270273,1.878,14.874650971506943,3.9,0.8,10000,1000,10,1
2.3771,3.267337691454619,-18.3816,252.4681266951131,0.7641729302322384,3.8489191333193618,-19.7,154.84930684631132,0.74,8.16939862581027,3.9,0.85,10000,1000,10,1
1.6377,1.5006794161312402,-8.6913,134.12709797856365,0.2570409378641306,1.2184561507464544,-9.4,73.3769610834476,0.226,2.964760189340452,3.9,0.9,10000,1000,10,1
1.2411,0.6578531675077653,-7.6923,108.71164722758226,0.0749405453721044,0.3519616214378726,-5.56,40.80751064807224,0.088,1.5724195528945295,3.9,0.95,10000,1000,10,1
1.0417,0.2185431536333271,-3.996,64.62239386914523,0.011300953798257454,0.07172712007903714,-4.58,31.09855803781267,0.012,0.48977544650461985,3.9,0.99,10000,1000,10,1
738.9404,430.16276762155974,-1040.1588,17017.668718477387,56.708700750722954,897.7106439278408,-1060.3,7876.6787491182895,72.004,1184.0735902006688,4.0,0.01,10000,1000,10,1
698.985,418.34024642030323,-1108.2906,18070.817983666697,58.230442683608246,891.2854500708402,-1180.86,9010.883045613577,62.316,1075.895567084058,4.0,0.05,10000,1000,10,1
649.2021,403.08698819930913,-990.9081,15549.352719668255,61.3862617067528,867.1776583873783,-980.34,6755.3638672167635,57.122,996.1983528554056,4.0,0.1,10000,1000,10,1
600.4932,386.533881766864,-1054.3446,17048.011908637753,62.40992962123145,863.4898479074432,-1028.72,7171.350081246822,57.076,955.7112056551717,4.0,0.15,10000,1000,10,1
550.5199,369.9619172347202,-1095.4035,17831.829557513847,71.01672046351644,848.3980665356711,-1108.38,7953.873030493919,63.086,970.3689392142658,4.0,0.2,10000,1000,10,1
499.5966,352.4457947946606,-1282.9158,20996.5133426711,82.9784149023217,830.5904989127257,-1066.12,7244.921879144281,57.73,857.5169856265611,4.0,0.25,10000,1000,10,1
447.2511,333.02226839776046,-1283.8149,19204.67201016304,98.42113722627717,786.391106789636,-1121.92,6936.000744249703,69.436,834.0076970795168,4.0,0.3,10000,1000,10,1
390.2435,309.9664572300525,-1484.514,18935.193946003863,119.98513441633152,702.676872501581,-1215.78,6535.584011963869,96.338,814.509970721808,4.0,0.35,10000,1000,10,1
328.3082,280.4862991533811,-1406.8917,15438.176124360538,139.4832159253,607.3793455108888,-1408.34,6793.912434600323,112.212,734.1127155988515,4.0,0.4,10000,1000,10,1
259.8141,245.1261053849426,-1280.2185,9503.56778816399,140.03322949061825,499.17402439293704,-1288.24,4607.751820582789,123.424,652.7439955268602,4.0,0.45,10000,1000,10,1
192.2762,203.12112178097087,-1337.4612,9930.748235372095,129.9174305382777,394.0581526130632,-1304.8,4274.003705048356,113.988,442.6201160280803,4.0,0.5,10000,1000,10,1
129.309,156.35704435362035,-1219.3794,8310.54259823529,103.3631235570341,293.5201156020104,-1170.46,3652.4306171837584,105.404,370.45361433253316,4.0,0.55,10000,1000,10,1
76.9939,108.9761674073281,-862.9362,4544.266275883068,69.89738980709498,206.38526089109843,-889.26,2521.6567029738135,73.53,223.5145967884374,4.0,0.6,10000,1000,10,1
40.1393,67.24070713124603,-535.7637,3293.969708407517,38.811691485910245,126.6403401777156,-580.94,1831.8690703292862,44.148,165.25593801284373,4.0,0.65,10000,1000,10,1
18.6005,36.42967608626242,-331.668,2402.2064210106746,18.03929357904445,68.21262654231907,-283.62,1039.2149404089785,20.322,85.00034601036744,4.0,0.7,10000,1000,10,1
8.452,17.590346670830566,-143.6562,1313.1034492637687,7.016786034281383,31.30943287309653,-123.14,530.4759003650278,8.262,47.04466681854179,4.0,0.75,10000,1000,10,1
4.1508,7.820118884006815,-53.7462,602.3414263563072,2.3998104974939323,12.265006013313512,-43.28,267.54812613804637,2.634,23.85537574416277,4.0,0.8,10000,1000,10,1
2.4556,3.474424936590226,-19.6803,265.2885117967967,0.8077310252116756,4.081917469358186,-20.54,137.28799364591183,0.788,8.076235419912905,4.0,0.85,10000,1000,10,1
1.6617,1.559824704894752,-10.4895,133.25150613084497,0.2646139360818155,1.3272944823211348,-10.14,72.42723914727836,0.236,2.846948280431372,4.0,0.9,10000,1000,10,1
1.2502,0.6769046904845615,-6.3936,108.33608516913918,0.07658793513542311,0.36369414678254774,-6.14,43.156536569387335,0.104,2.056600826776083,4.0,0.95,10000,1000,10,1
1.0429,0.22329261071517792,-3.6963,60.65730786318927,0.011478626263966722,0.0723911291478368,-4.72,31.77770574252059,0.008,0.3999399894978245,4.0,0.99,10000,1000,10,1
