beta,v,N,size,dv,db
2.0,0.01,1000,619.8476166768767,-1508.1761714179386,436.62339651344115
2.1,0.01,1000,660.9449329851053,-1486.9993506252547,386.27829720661754
2.2,0.01,1000,697.2895873190366,-1463.2568680261927,341.5157781940473
2.3,0.01,1000,729.4208459258738,-1438.2500606237604,301.9333539528914
2.4,0.01,1000,757.8326762984601,-1412.864704050653,267.043075296536
2.5,0.01,1000,782.9690490802031,-1387.6990059185164,236.34118671165123
2.6,0.01,1000,805.2243676404389,-1363.1508109502329,209.34420584626602
2.7,0.01,1000,824.9464693489194,-1339.4776839685478,185.60608806664555
2.8,0.01,1000,842.4407640586878,-1316.8387118866572,164.7248431103938
2.9,0.01,1000,857.9747171558505,-1295.3238324622093,146.34340585577135
3.0,0.01,1000,871.782253231257,-1274.9745584221644,130.1475198688953
3.1,0.01,1000,884.0678678626607,-1255.7987068198836,115.862210286782
3.2,0.01,1000,895.0103551725198,-1237.7809148515223,103.24773454078174
3.3,0.01,1000,904.7661258092384,-1220.8901707725424,92.0954979562373
3.4000000000000004,0.01,1000,913.4721259614672,-1205.0852156400213,82.2241875065163
3.5,0.01,1000,921.2483859701756,-1190.318417162345,73.47624200587043
3.6,0.01,1000,928.2002347326885,-1176.5385415565227,65.71470039118579
3.7,0.01,1000,934.4202179326576,-1163.6927272900432,58.820427590401415
3.8,0.01,1000,939.9897568593018,-1151.727878946867,52.68969560476218
3.9,0.01,1000,944.9805817652518,-1140.5916388744113,47.23208736420916
4.0,0.01,1000,949.4559702603966,-1130.233051093825,42.36868758062253
2.0,0.05,1000,559.2295889052992,-1522.1367208047898,443.4001479296255
2.1,0.05,1000,601.0931773910312,-1505.1995280748733,394.6887496571897
2.2,0.05,1000,638.3306418517832,-1484.459793003109,350.8664370459864
2.3,0.05,1000,671.4233944182574,-1461.5178690770633,311.74720921954474
2.4,0.05,1000,700.8256437128683,-1437.4827409251823,276.9929000691953
2.5,0.05,1000,726.9541721387534,-1413.1208387758186,246.20424987931074
2.6,0.05,1000,750.1849927503768,-1388.9578778877253,218.97115047806264
2.7,0.05,1000,770.853744626104,-1365.3493649722657,194.89931559168448
2.8,0.05,1000,789.2580132583755,-1342.529915114885,173.6233593217018
2.9,0.05,1000,805.6605340356599,-1320.6480592028006,154.81211110586224
3.0,0.05,1000,820.2926885925891,-1299.7910033053897,138.16958818251035
3.1,0.05,1000,833.3579691771639,-1280.0023583109082,123.43363587683837
3.2,0.05,1000,845.0352419090398,-1261.2949060032645,110.37341212314428
3.3,0.05,1000,855.4817305201082,-1243.6598313540158,98.78639674733537
3.4000000000000004,0.05,1000,864.83569416762,-1227.0734202705223,88.49531032040476
3.5,0.05,1000,873.2188018231329,-1211.5019275226882,79.34515123526316
3.6,0.05,1000,880.7382209325388,-1196.905116011199,71.20045535502787
3.7,0.05,1000,887.4884451529236,-1183.23882649897,63.9428216273237
3.8,0.05,1000,893.5528884058003,-1170.4568369326096,57.46871228426301
3.9,0.05,1000,899.0052722974232,-1158.512199506721,51.687517239480094
4.0,0.05,1000,903.9108323798587,-1147.358192864446,46.519862710342515
2.0,0.1,1000,482.80829042478325,-1533.3018416474915,448.58168352898053
2.1,0.1,1000,525.3477983688354,-1523.6121226529071,402.8110057232291
2.2,0.1,1000,563.4978333426154,-1508.1761714179388,360.84578224251334
2.3,0.1,1000,597.6487401971375,-1489.054155705115,322.826086929333
2.4,0.1,1000,628.1910081942383,-1467.6994172396264,288.641028050594
2.5,0.1,1000,655.4968478319648,-1445.1388102169644,258.0512325453212
2.6,0.1,1000,679.9112210070887,-1422.0967357683812,230.75993891709783
2.7,0.1,1000,701.7483296442158,-1399.0814851487726,206.45370629248038
2.8,0.1,1000,721.2911948350917,-1376.445995462523,184.8250718147085
2.9,0.1,1000,738.7929188560871,-1354.431012380173,165.58448009864475
3.0,0.1,1000,754.478795196398,-1333.196015755705,148.46587299457897
3.1,0.1,1000,768.5487759548432,-1312.8415434525348,133.2285848878833
3.2,0.1,1000,781.1800137805658,-1293.4254105652058,119.65714241503736
3.3,0.1,1000,792.5293211193245,-1274.9745584221644,107.55993377594652
3.4000000000000004,0.1,1000,802.7354651500915,-1257.4937502443645,96.7673264911283
3.5,0.1,1000,811.9212618956336,-1240.9719752569695,87.12957595303975
3.6,0.1,1000,820.1954593882631,-1225.387176861737,78.51472216313891
3.7,0.1,1000,827.6544147151405,-1210.709748117663,70.80658340290708
3.8,0.1,1000,834.383577725563,-1196.905116011199,63.9029017590832
3.9,0.1,1000,840.4587979227177,-1183.9356492477195,57.713663179546145
4.0,0.1,1000,845.9474723004255,-1171.7620620078633,52.15959587666293
2.0,0.15,1000,406.0774308438337,-1533.7219632125807,448.79311894342993
2.1,0.15,1000,448.86202275793676,-1534.168177570808,407.22901341774997
2.2,0.15,1000,487.60466924909144,-1526.3493296399622,368.08739133858097
2.3,0.15,1000,522.5787168569727,-1512.9086984387213,331.91029426780017
2.4,0.15,1000,554.091481272341,-1495.7377914741016,298.8690172836022
2.5,0.15,1000,582.4558610980727,-1476.1960098878615,268.92429892264374
2.6,0.15,1000,607.9744991320058,-1455.2624221244075,241.92252295143865
2.7,0.15,1000,630.9314770569551,-1433.6419371074812,217.65339610533462
2.8,0.15,1000,651.5885118616288,-1411.8404109326311,195.884227653967
2.9,0.15,1000,670.1838073503945,-1390.2183131187505,176.37991682777366
3.0,0.15,1000,686.9324313164936,-1369.0294200399326,158.9141919058164
3.1,0.15,1000,702.0275274893175,-1348.4489387196352,143.27550658786637
3.2,0.15,1000,715.6419416474522,-1328.59409528545,129.26969979537034
3.3,0.15,1000,727.9300087954421,-1309.5393025915155,116.72072679010539
3.4000000000000004,0.15,1000,739.0293524037221,-1291.3273958476932,105.4702747255347
3.5,0.15,1000,749.0626113792563,-1273.9779946207218,95.3767668709593
3.6,0.15,1000,758.1390504195311,-1257.4937502443645,86.31406591338299
3.7,0.15,1000,766.3560338742121,-1241.8650274766203,78.17006472457169
3.8,0.15,1000,773.8003579394496,-1227.0734202705223,70.8452761290775
3.9,0.15,1000,780.5494445619612,-1213.0943950373796,64.25148492815677
4.0,0.15,1000,786.6724051297093,-1199.8992780501758,58.310495303235
2.0,0.2,1000,329.71200945262746,-1517.4894465270863,442.1397738845209
2.1,0.2,1000,372.1409943517301,-1532.0411571204086,406.42472921171276
2.2,0.2,1000,411.0198273444754,-1535.0373976859526,371.36822309285753
2.3,0.2,1000,446.47180434399417,-1529.868361990326,338.00995010794213
2.4,0.2,1000,478.69618978959676,-1518.9885844493172,306.8727824041089
2.5,0.2,1000,507.9276564376336,-1504.1861951961462,278.1685198877135
2.6,0.2,1000,534.4120168585721,-1486.7697338507728,251.92452700847934
2.7,0.2,1000,558.3920072837676,-1467.6994172396264,228.06204685479025
2.8,0.2,1000,580.0992922169902,-1447.6804408304674,206.4446644454943
2.9,0.2,1000,599.7503126647604,-1427.2299873412799,186.90816455457372
3.0,0.2,1000,617.5444916196291,-1406.7258069467794,169.27871797926483
3.1,0.2,1000,633.6638625432633,-1386.441738290833,153.38371873851705
3.2,0.2,1000,648.2735322775957,-1366.573881198658,139.0579914629159
3.3,0.2,1000,661.522608044286,-1347.2600150677206,126.14709212420921
3.4000000000000004,0.2,1000,673.5453568446565,-1328.5940952854519,114.50879981873675
3.5,0.2,1000,684.4624540424606,-1310.6371346598219,104.01350105297568
3.6,0.2,1000,694.3822344716216,-1293.425410565203,94.54391499459678
3.7,0.2,1000,703.4018955389959,-1276.9766805728896,85.99444565387002
3.8,0.2,1000,711.6086247655086,-1261.2949060032643,78.27034211502742
3.9,0.2,1000,719.0806386854866,-1246.3738513881528,71.28678010898368
4.0,0.2,1000,725.8881289984258,-1232.1998328137693,64.96793431314748
2.0,0.25,1000,254.7520591691858,-1475.6889997640435,426.00734532692775
2.1,0.25,1000,295.9897837595776,-1509.8716016420974,398.2923416533314
2.2,0.25,1000,334.35854937815253,-1528.1578957122179,368.9817601845504
2.3,0.25,1000,369.789015063199,-1534.9058919462034,339.7349582158492
2.4,0.25,1000,402.340242020651,-1533.301841647493,311.5150580062369
2.5,0.25,1000,432.1441542277472,-1525.6927894432997,284.85017514189104
2.6,0.25,1000,459.3708562194363,-1513.8181887036155,259.9972251185723
2.7,0.25,1000,484.2070839751653,-1498.9733106447084,237.04551815124748
2.8,0.25,1000,506.8429856535215,-1482.1258914445148,215.98265461780892
2.9,0.25,1000,527.4642089917035,-1464.0002918291234,196.73655513108247
3.0,0.25,1000,546.247373193304,-1445.1388102169644,179.20224482313978
3.1,0.25,1000,563.3576931051113,-1425.946748903653,163.25882857181568
3.2,0.25,1000,578.9479608934023,-1406.7258069467794,148.78012322396322
3.3,0.25,1000,593.1583705153054,-1387.6990059185164,135.64117694653999
3.4000000000000004,0.25,1000,606.1168511616121,-1369.0294200399328,123.72212172598164
3.5,0.25,1000,617.939693482797,-1350.8343359595372,112.91030242481598
3.6,0.25,1000,628.7323293303313,-1333.1960157557053,103.10130069067988
3.7,0.25,1000,638.5901762296651,-1316.169917856049,94.19926004388427
3.8,0.25,1000,647.5994909941492,-1299.7910033053897,86.11677933812976
3.9,0.25,1000,655.8381987021603,-1284.0785914175678,78.77454996436289
4.0,0.25,1000,663.3766775467341,-1269.040110392687,72.10085131194899
2.0,0.3,1000,182.79269742288105,-1394.6663573801427,396.7368763716094
2.1,0.3,1000,221.67390218252487,-1456.288022659586,379.87033984723104
2.2,0.3,1000,258.61871772167177,-1496.218329632258,358.5155059185978
2.3,0.3,1000,293.3096096462435,-1520.086118132939,335.1089882812235
2.4,0.3,1000,325.6233700577637,-1532.0411571204083,311.16893330271756
2.5,0.3,1000,355.55699296722634,-1535.1686178030939,287.6244157979757
2.6,0.3,1000,383.18002382795675,-1531.7787687831806,265.0250439693345
2.7,0.3,1000,408.6038431757605,-1523.6121226529074,243.6757935856572
2.8,0.3,1000,431.9618899618983,-1511.9864510220264,223.72450919768576
2.9,0.3,1000,453.39700753901485,-1497.9032932325836,205.2190681806226
3.0,0.3,1000,473.05345327662246,-1482.125891444513,188.1448902448465
3.1,0.3,1000,491.0719716531612,-1465.2367403630767,172.44959567773975
3.2,0.3,1000,507.58688068986635,-1447.6804408304674,158.05919621608152
3.3,0.3,1000,522.7244777759905,-1429.7958560066984,144.8886731602116
3.4000000000000004,0.3,1000,536.6023038860473,-1411.8404109326311,132.84881875493957
3.5,0.3,1000,549.3289588710205,-1394.0085738425269,121.85058366249955
3.6,0.3,1000,561.0042626495119,-1376.445995462525,111.80775949284875
3.7,0.3,1000,571.7196254391802,-1359.260384723754,102.63855239660748
3.8,0.3,1000,581.5585360851188,-1342.5299151148852,94.26642223560539
3.9,0.3,1000,590.5971085149395,-1326.3097510417874,86.6204403113619
4.0,0.3,1000,598.9046472871372,-1310.6371346598296,79.63533674368587
2.0,0.35,1000,116.28732722537588,-1253.1216254186047,349.1208646483586
2.1,0.35,1000,151.17666627281312,-1353.415041988615,346.92529096180317
2.2,0.35,1000,185.4002194252755,-1424.169768830441,336.504604688414
2.3,0.35,1000,218.3187312842026,-1472.7092941429817,321.2792651777111
2.4,0.35,1000,249.5708990004515,-1504.4716719853275,303.4732032458434
2.5,0.35,1000,278.9759573754167,-1523.5317239483525,284.5278652764054
2.6,0.35,1000,306.4697215281987,-1532.967233566922,265.3688385731926
2.7,0.35,1000,332.06230202245405,-1535.1191569757439,246.57968518954792
2.8,0.35,1000,355.81002212595973,-1531.778768783181,228.5164919939671
2.9,0.35,1000,377.79673430887567,-1524.323754930241,211.3840366882003
3.0,0.35,1000,398.1214087235005,-1513.8181887036237,195.2868046446183
3.1,0.35,1000,416.8899344085392,-1501.086663020794,180.26335372741192
3.2,0.35,1000,434.20976369761024,-1486.7697338507587,166.30955103293854
3.3,0.35,1000,450.18648110717857,-1471.3657160429161,153.39431343052212
3.4000000000000004,0.35,1000,464.92167580682974,-1455.2624221244064,141.47026428648115
3.5,0.35,1000,478.51169546201413,-1438.7614271941866,130.48092348977363
3.6,0.35,1000,491.04699294956424,-1422.0967357683812,120.36552369441213
3.7,0.35,1000,502.6118681237777,-1405.4492247987844,111.06219675552228
3.8,0.35,1000,513.2844687239418,-1388.9578778877258,102.51003997449476
3.9,0.35,1000,523.1369570319472,-1372.7285661994126,94.6504130763259
4.0,0.35,1000,532.235778227511,-1356.8409424738982,87.4277085951307
2.0,0.4,1000,59.04398573882807,-1017.0746528787445,275.6004029942096
2.1,0.4,1000,87.62244513306258,-1172.5431274556324,293.2873482572936
2.2,0.4,1000,117.26746606510572,-1287.664114570698,297.8777284896878
2.3,0.4,1000,146.91911549784675,-1372.062005251102,294.0513424577454
2.4,0.4,1000,175.90266656781776,-1432.92847636632,284.9393413549892
2.5,0.4,1000,203.80164733534158,-1475.6889997640496,272.64470100923535
2.6,0.4,1000,230.37313753886656,-1504.4716719853386,258.5807175585909
2.7,0.4,1000,255.4907173139599,-1522.4414191666642,243.69412377260875
2.8,0.4,1000,279.10574576379804,-1532.041157120408,228.61391018158827
2.9,0.4,1000,301.220926899339,-1535.1677682508637,213.75163243144107
3.0,0.4,1000,321.8721936165207,-1533.3018416474927,199.36963712399165
3.1,0.4,1000,341.11627060452537,-1527.6042363895522,185.6278294287761
3.2,0.4,1000,359.0221423421944,-1518.9885844493197,172.61594010231167
3.3,0.4,1000,375.66522222841,-1508.1761714179388,160.37590321889482
3.4000000000000004,0.4,1000,391.12339854518194,-1495.7377914741014,148.917434217435
3.5,0.4,1000,405.47438852281687,-1482.125891444515,138.2288989553977
3.6,0.4,1000,418.79400546284387,-1467.6994172396132,128.28490135581728
3.7,0.4,1000,431.1550629373888,-1452.7431351803157,119.05157247859647
3.8,0.4,1000,442.62672234496284,-1437.4827409251873,110.49024268688196
3.9,0.4,1000,453.27414733805983,-1422.0967357683808,102.55997285204343
4.0,0.4,1000,463.1583687147219,-1406.725806946779,95.21927886333644
2.0,0.45,1000,17.06278010410113,-630.8230497166189,164.9449486200197
2.1,0.45,1000,35.993775120896444,-866.327647304858,209.75544328417877
2.2,0.45,1000,58.36636015708277,-1046.2899716906536,235.04232921489893
2.3,0.45,1000,82.56409613198925,-1183.525553754226,247.1195471447109
2.4,0.45,1000,107.49517722634684,-1287.6641145706983,250.3000357448072
2.5,0.45,1000,132.42748327555606,-1366.0136099446058,247.55200087759133
2.6,0.45,1000,156.87710874446404,-1424.1697688304407,240.92933235087628
2.7,0.45,1000,180.53220005086578,-1466.4518989307808,231.85790531891246
2.8,0.45,1000,203.2004210670228,-1496.218329632263,221.32845008240074
2.9,0.45,1000,224.77242257112297,-1516.0973265530513,210.0279679424329
3.0,0.45,1000,245.1962695439855,-1528.1578957122113,198.43019103257924
3.1,0.45,1000,264.4594441503655,-1534.03734438565,186.85841782636874
3.2,0.45,1000,282.57613129932696,-1535.0373976859523,175.52951169623344
3.3,0.45,1000,299.57821569116345,-1532.1972218619173,164.58492616148217
3.4000000000000004,0.45,1000,315.50890363176387,-1526.3493296399631,154.11271402065174
3.5,0.45,1000,330.418211404874,-1518.1626867481718,144.1632189447487
3.6,0.45,1000,344.35978704270946,-1508.1761714179388,134.7603075658769
3.7,0.45,1000,357.38868794182696,-1496.8247073618252,125.9094327316695
3.8,0.45,1000,369.5598452826115,-1484.4597930031086,117.60343180765751
3.9,0.45,1000,380.9270224752999,-1471.3657160429202,109.826697781617
4.0,0.45,1000,391.54212884207,-1457.772425083964,102.55817623852757
2.0,0.5,1000,1.3134192264496956e-13,-3.2762115543827967e-05,8.190528832544771e-06
2.1,0.5,1000,4.390017135418498,-354.1293078023109,82.22601750749381
2.2,0.5,1000,15.511618276455483,-630.8230497166188,136.31813935538813
2.3,0.5,1000,31.001011253753795,-847.4361707259955,170.7465539605409
2.4,0.5,1000,49.20332144902267,-1017.0746528787453,191.3891687459792
2.5,0.5,1000,68.95791402494973,-1149.7369865533535,202.3642317006908
2.6,0.5,1000,89.45179017336613,-1253.1216254186043,206.58039328305227
2.7,0.5,1000,110.11826813512549,-1333.205918492411,206.10544115225187
2.8,0.5,1000,130.56621244491603,-1394.6663573801413,202.4167736589842
2.9,0.5,1000,150.53013293026424,-1441.187121540861,196.57359580695388
3.0,0.5,1000,169.83470611278466,-1475.6889997640496,189.3365979230801
3.1,0.5,1000,188.36936789812367,-1500.5008908036675,181.2519604850677
3.2,0.5,1000,206.07000590789212,-1517.4894465270863,172.71084917364095
3.3,0.5,1000,222.90569958543486,-1528.1578957122179,163.9918934153558
3.4000000000000004,0.5,1000,238.86907696696565,-1533.7219632125757,155.29173665862555
3.5,0.5,1000,253.96928069087687,-1535.168617803093,146.74715091733444
3.6,0.5,1000,268.2268280137674,-1533.3018416474922,138.4511368916608
3.7,0.5,1000,281.6698530711394,-1528.7785153433904,130.46470394609617
3.8,0.5,1000,294.33136258173647,-1522.1367208047898,122.82552574227856
3.9,0.5,1000,306.24723747961565,-1513.8181887036235,115.55432227492209
4.0,0.5,1000,317.4547852735206,-1504.1861951961462,108.65957808113814
2.0,0.55,1000,-0.0,0.0,-0.0
2.1,0.55,1000,-3.328006943901143e-29,2.615342830661718e-27,-5.445829544565531e-28
2.2,0.55,1000,-1.6922915309737313e-25,7.483689214740308e-23,-1.5230623778742727e-23
2.3,0.55,1000,2.0117222221343174,-256.9472718580926,49.39763048435102
2.4,0.55,1000,9.382670196484753,-528.2170900854359,95.1312584758174
2.5,0.55,1000,20.54472070819207,-745.7363073782827,126.01464704481408
2.6,0.55,1000,34.22755810926338,-920.3089513946888,146.11979616090252
2.7,0.55,1000,49.508436778541004,-1060.3670000984719,158.39137528361897
2.8,0.55,1000,65.7168338497969,-1172.543127455632,164.97413339472766
2.9,0.55,1000,82.36647759222488,-1262.0923793172415,167.4396872760461
3.0,0.55,1000,99.10644132161285,-1333.205918492411,166.945407333324
3.1,0.55,1000,115.68566109510277,-1389.2467555069966,164.34689641388715
3.2,0.55,1000,131.92699992586356,-1432.9284763663193,160.27837951218135
3.3,0.55,1000,147.70816367798096,-1466.4518989307805,155.21066389117283
3.4000000000000004,0.55,1000,162.9475760096902,-1491.6103859208392,149.49326401608454
3.5,0.55,1000,177.59387025574625,-1509.8716016420976,143.3852429951993
3.6,0.55,1000,191.61803798546597,-1522.4414191666688,137.07794462209304
3.7,0.55,1000,205.00754146449464,-1530.3141978227334,130.71185069073925
3.8,0.55,1000,217.76188637357347,-1534.3125777762539,124.38915095414517
3.9,0.55,1000,229.88928601554753,-1535.1191569757411,118.18316272398421
4.0,0.55,1000,241.40414521239117,-1533.301841647492,112.14542088224519
2.0,0.6,1000,2.1693674893577825e-28,-4.8810768510549675e-27,8.677469957431047e-28
2.1,0.6,1000,0.0,-0.0,0.0
2.2,0.6,1000,-1.4692534359741345e-27,5.754575957565046e-26,-9.79502290649366e-27
2.3,0.6,1000,-1.6763294235946503e-28,1.0057976541567797e-26,-1.6763294235946325e-27
2.4,0.6,1000,9.860761315262648e-30,-1.207943261119668e-27,1.9721522630525194e-28
2.5,0.6,1000,1.112769755838282e-13,-3.358883811580196e-05,5.374214062094919e-06
2.6,0.6,1000,2.305782028103291,-290.14477092119364,43.75081782322084
2.7,0.6,1000,8.340151285763874,-528.2170900854379,75.16543879570791
2.8,0.6,1000,17.03127887401879,-723.8630069227477,97.3264013911001
2.9,0.6,1000,27.574083546658166,-884.7630711866603,112.52798100965722
3.0,0.6,1000,39.36265715921816,-1017.0746528787455,122.48906799742664
3.1,0.6,1000,51.94073558051179,-1125.7651798546747,128.5049472133419
3.2,0.6,1000,64.965097075689,-1214.8654936691967,131.55659387249676
3.3,0.6,1000,78.17831071007046,-1287.6641145706985,132.39010155097242
3.4000000000000004,0.6,1000,91.38830735712654,-1346.8573822643039,131.57489574958672
3.5,0.6,1000,104.45296995593222,-1394.6663573801427,129.54673514175
3.6,0.6,1000,117.2684443785462,-1432.9284763663184,126.63970726888391
3.7,0.6,1000,129.76022765691647,-1463.1698818357756,123.11019596686317
3.8,0.6,1000,141.8763429372525,-1486.6628534146555,119.15494695489731
3.9,0.6,1000,153.5820916925778,-1504.4716719853382,114.92476335937376
4.0,0.6,1000,164.85600472631364,-1517.4894465270868,110.53494347113022
2.0,0.65,1000,9.059574458397557e-28,-1.4667882456452855e-26,2.1139007069593716e-27
2.1,0.65,1000,1.7256332301709633e-29,-3.2280039399963556e-28,4.558276457055371e-29
2.2,0.65,1000,8.628166150854817e-30,-1.8971247313059644e-28,2.6259636111297244e-29
2.3,0.65,1000,4.141519752410311e-28,-1.0953030260953057e-26,1.486699398301104e-27
2.4,0.65,1000,-0.0,0.0,0.0
2.5,0.65,1000,7.420222889735141e-28,-3.1800955241721476e-26,4.1553248182516015e-27
2.6,0.65,1000,-8.628166150854817e-29,5.231681697819897e-27,-6.71079589510929e-28
2.7,0.65,1000,-7.765349535769334e-29,7.846028491985138e-27,-9.88317213643372e-28
2.8,0.65,1000,-5.885345495099944e-28,1.6621130811111717e-25,-2.0598709232847974e-26
2.9,0.65,1000,0.3027386032492269,-115.61732561033759,13.849422538058255
3.0,0.65,1000,3.0730119947928274,-354.1293078023097,40.290748578671845
3.1,0.65,1000,8.137506323680793,-554.818677180581,60.01581635145886
3.2,0.65,1000,14.90236901476644,-723.8630069227477,74.51552606506101
3.3,0.65,1000,22.905129622388838,-866.3276473048555,84.94228694979118
3.4000000000000004,0.65,1000,31.78511906442768,-986.3875540338832,92.19133083747984
3.5,0.65,1000,41.26092373183235,-1087.5004777219344,96.96121242024134
3.6,0.65,1000,51.113092994287186,-1172.5431274556315,99.79916711532901
3.7,0.65,1000,61.17079873690864,-1243.918929266763,101.13535851525906
3.8,0.65,1000,71.3014884302202,-1303.64383354831,101.30890876623377
3.9,0.65,1000,81.4028203007454,-1353.4150419886153,100.5878062551974
4.0,0.65,1000,91.39634871144057,-1394.6663573801427,99.18421909290234
2.0,0.7,1000,3.6977854932234935e-30,-4.930380657631324e-29,5.54667823983524e-30
2.1,0.7,1000,0.0,-0.0,0.0
2.2,0.7,1000,3.6977854932234935e-30,-6.01796462622647e-29,6.525503811570871e-30
2.3,0.7,1000,0.0,-0.0,0.0
2.4,0.7,1000,3.6977854932234935e-30,-7.571656009933818e-29,7.923826056907485e-30
2.5,0.7,1000,1.4791141972893974e-29,-3.451266460341925e-28,3.549874073494552e-29
2.6,0.7,1000,7.395570986446987e-30,-1.9945630842235808e-28,2.0169739053946326e-29
2.7,0.7,1000,2.5292852773648695e-27,-8.03159009128104e-26,7.987216665362315e-27
2.8,0.7,1000,-1.4791141972893974e-29,5.6699377562760295e-28,-5.546678239835248e-29
2.9,0.7,1000,5.176899690512891e-29,-2.4822570310920675e-27,2.389338318698247e-28
3.0,0.7,1000,0.0,0.0,0.0
3.1,0.7,1000,1.1108147621643374e-26,-1.0208916623695352e-24,9.521269389974748e-26
3.2,0.7,1000,-1.4791141972893974e-28,2.4158865222393702e-26,-2.218671295934116e-27
3.3,0.7,1000,6.291412238170452e-26,-4.173303451310439e-23,3.774847342893822e-24
3.4000000000000004,0.7,1000,0.4553103397946198,-152.27604914462518,13.302207177527325
3.5,0.7,1000,2.634010281251093,-354.1293078023119,29.60136630269786
3.6,0.7,1000,6.255113464322989,-528.2170900854393,42.2805593225858
3.7,0.7,1000,10.992977730100689,-678.4799815815004,52.04081533631066
3.8,0.7,1000,16.58482866434685,-808.2400912659602,59.44399966195821
3.9,0.7,1000,22.81837207284234,-920.3089513946901,64.94213162706788
4.0,0.7,1000,29.521992869413644,-1017.0746528787453,68.90010074855252
2.0,0.75,1000,0.0,-0.0,0.0
2.1,0.75,1000,0.0,-0.0,0.0
2.2,0.75,1000,0.0,0.0,0.0
2.3,0.75,1000,0.0,0.0,0.0
2.4,0.75,1000,3.0814879110195774e-30,-4.9303806576313215e-29,3.85185988877447e-30
2.5,0.75,1000,0.0,-0.0,0.0
2.6,0.75,1000,3.0814879110195774e-30,-5.810805775065488e-29,4.402125587170824e-30
2.7,0.75,1000,3.697785493223493e-29,-7.623127016799193e-28,5.688900758805366e-29
2.8,0.75,1000,0.0,-0.0,0.0
2.9,0.75,1000,0.0,0.0,0.0
3.0,0.75,1000,0.0,-0.0,0.0
3.1,0.75,1000,6.162975822039155e-30,-1.944761259399021e-28,1.3695501826753666e-29
3.2,0.75,1000,2.711709361697228e-28,-9.762153702109932e-27,6.779273404243002e-28
3.3,0.75,1000,1.8488927466117464e-29,-7.712524028723273e-28,5.282550704604979e-29
3.4000000000000004,0.75,1000,-2.465190328815662e-29,1.2161605622157268e-27,-8.217301096052208e-29
3.5,0.75,1000,8.092236024672838e-28,-4.809902506246071e-26,3.2368944098690726e-27
3.6,0.75,1000,-0.0,0.0,0.0
3.7,0.75,1000,3.3280069439011436e-28,-3.416753795738263e-26,2.2186712959339303e-27
3.8,0.75,1000,2.341930812374879e-28,-3.65341206730472e-26,2.3419308123748192e-27
3.9,0.75,1000,-1.4482993181792014e-26,4.576625845423303e-24,-2.896598636343677e-25
4.0,0.75,1000,4.133512012287345e-14,-2.7572995329249135e-05,1.723312197744291e-06
2.0,0.8,1000,0.0,0.0,0.0
2.1,0.8,1000,0.0,0.0,0.0
2.2,0.8,1000,0.0,0.0,0.0
2.3,0.8,1000,0.0,0.0,0.0
2.4,0.8,1000,0.0,0.0,0.0
2.5,0.8,1000,0.0,-0.0,0.0
2.6,0.8,1000,0.0,-0.0,0.0
2.7,0.8,1000,4.166171655698468e-28,-6.973809075843032e-27,3.6227579614768867e-28
2.8,0.8,1000,0.0,-0.0,0.0
2.9,0.8,1000,-0.0,0.0,-0.0
3.0,0.8,1000,2.4651903288156612e-30,-4.9303806576313204e-29,2.465190328815659e-30
3.1,0.8,1000,0.0,0.0,0.0
3.2,0.8,1000,0.0,0.0,0.0
3.3,0.8,1000,7.395570986446984e-30,-1.8053893878679387e-28,8.700671748761146e-30
3.4000000000000004,0.8,1000,0.0,-0.0,0.0
3.5,0.8,1000,0.0,-0.0,0.0
3.6,0.8,1000,0.0,0.0,0.0
3.7,0.8,1000,-4.9303806576313224e-30,1.6497812200535575e-28,-7.585201011740491e-30
3.8,0.8,1000,4.9303806576313224e-30,-1.807806241131482e-28,8.217301096052188e-30
3.9,0.8,1000,0.0,-0.0,0.0
4.0,0.8,1000,2.0214560696288423e-28,-9.096552313329705e-27,4.042912139257642e-28
2.0,0.85,1000,0.0,-0.0,0.0
2.1,0.85,1000,0.0,-0.0,0.0
2.2,0.85,1000,0.0,-0.0,0.0
2.3,0.85,1000,0.0,0.0,0.0
2.4,0.85,1000,0.0,0.0,0.0
2.5,0.85,1000,0.0,0.0,0.0
2.6,0.85,1000,0.0,0.0,0.0
2.7,0.85,1000,0.0,-0.0,0.0
2.8,0.85,1000,0.0,0.0,0.0
2.9,0.85,1000,1.8488927466117468e-30,-3.130573559159712e-29,9.817129628026974e-31
3.0,0.85,1000,0.0,0.0,0.0
3.1,0.85,1000,0.0,0.0,0.0
3.2,0.85,1000,0.0,0.0,0.0
3.3,0.85,1000,7.395570986446987e-30,-1.4595879372591737e-28,4.3934085068001896e-30
3.4000000000000004,0.85,1000,0.0,-0.0,0.0
3.5,0.85,1000,0.0,-0.0,0.0
3.6,0.85,1000,0.0,-0.0,0.0
3.7,0.85,1000,0.0,0.0,0.0
3.8,0.85,1000,0.0,0.0,0.0
3.9,0.85,1000,0.0,0.0,0.0
4.0,0.85,1000,1.8488927466117468e-30,-4.930380657631324e-29,1.38666955995881e-30
2.0,0.9,1000,0.0,0.0,0.0
2.1,0.9,1000,0.0,-0.0,0.0
2.2,0.9,1000,0.0,-0.0,0.0
2.3,0.9,1000,0.0,-0.0,0.0
2.4,0.9,1000,0.0,0.0,0.0
2.5,0.9,1000,0.0,-0.0,0.0
2.6,0.9,1000,0.0,0.0,0.0
2.7,0.9,1000,0.0,-0.0,0.0
2.8,0.9,1000,0.0,-0.0,0.0
2.9,0.9,1000,0.0,-0.0,0.0
3.0,0.9,1000,0.0,-0.0,0.0
3.1,0.9,1000,0.0,-0.0,0.0
3.2,0.9,1000,0.0,-0.0,0.0
3.3,0.9,1000,0.0,-0.0,0.0
3.4000000000000004,0.9,1000,0.0,0.0,0.0
3.5,0.9,1000,0.0,-0.0,0.0
3.6,0.9,1000,0.0,0.0,0.0
3.7,0.9,1000,0.0,0.0,0.0
3.8,0.9,1000,0.0,0.0,0.0
3.9,0.9,1000,0.0,0.0,0.0
4.0,0.9,1000,0.0,0.0,0.0
2.0,0.95,1000,0.0,-0.0,0.0
2.1,0.95,1000,0.0,-0.0,0.0
2.2,0.95,1000,0.0,-0.0,0.0
2.3,0.95,1000,0.0,-0.0,0.0
2.4,0.95,1000,0.0,-0.0,0.0
2.5,0.95,1000,0.0,-0.0,0.0
2.6,0.95,1000,0.0,-0.0,0.0
2.7,0.95,1000,0.0,0.0,0.0
2.8,0.95,1000,0.0,0.0,0.0
2.9,0.95,1000,0.0,-0.0,0.0
3.0,0.95,1000,0.0,-0.0,0.0
3.1,0.95,1000,0.0,0.0,0.0
3.2,0.95,1000,0.0,-0.0,0.0
3.3,0.95,1000,0.0,0.0,0.0
3.4000000000000004,0.95,1000,0.0,0.0,0.0
3.5,0.95,1000,0.0,-0.0,0.0
3.6,0.95,1000,0.0,-0.0,0.0
3.7,0.95,1000,0.0,0.0,0.0
3.8,0.95,1000,0.0,0.0,0.0
3.9,0.95,1000,0.0,0.0,0.0
4.0,0.95,1000,0.0,-0.0,0.0
2.0,0.99,1000,0.0,0.0,0.0
2.1,0.99,1000,0.0,-0.0,0.0
2.2,0.99,1000,0.0,0.0,0.0
2.3,0.99,1000,0.0,0.0,0.0
2.4,0.99,1000,0.0,0.0,0.0
2.5,0.99,1000,0.0,0.0,0.0
2.6,0.99,1000,0.0,0.0,0.0
2.7,0.99,1000,0.0,0.0,0.0
2.8,0.99,1000,0.0,0.0,0.0
2.9,0.99,1000,0.0,0.0,0.0
3.0,0.99,1000,0.0,0.0,0.0
3.1,0.99,1000,0.0,0.0,0.0
3.2,0.99,1000,0.0,0.0,0.0
3.3,0.99,1000,0.0,0.0,0.0
3.4000000000000004,0.99,1000,0.0,0.0,0.0
3.5,0.99,1000,0.0,0.0,0.0
3.6,0.99,1000,0.0,0.0,0.0
3.7,0.99,1000,0.0,0.0,0.0
3.8,0.99,1000,0.0,0.0,0.0
3.9,0.99,1000,0.0,0.0,0.0
4.0,0.99,1000,0.0,0.0,0.0
