N,v,beta,T,i0,eps,J_v,J_beta,time_v,time_beta
50,0.01,1,5,1,0.001,"-8.644224589133387","7.958296712621937",0.458004,0.437680
50,0.01,1,10,1,0.001,"-11.135451771659532","9.890720989942814",0.447565,0.461151
50,0.01,1,15,1,0.001,"-11.219489488300649","9.946258414958109",0.457572,0.467780
50,0.01,1,20,1,0.001,"-11.2202351566153","9.946697674394489",0.475123,0.477198
50,0.01,2,5,1,0.001,"-42.75233804661127","15.607506306658081",0.446950,0.441668
50,0.01,2,10,1,0.001,"-51.81593174802046","16.484272706909664",0.467839,0.446400
50,0.01,2,15,1,0.001,"-52.109515670959894","16.46162669890927",0.475583,0.450285
50,0.01,2,20,1,0.001,"-52.115450768672744","16.461405312449884",0.485075,0.470849
50,0.01,4,5,1,0.001,"-51.3883319842563","4.042162279120021",0.442679,0.459147
50,0.01,4,10,1,0.001,"-49.82815130247076","3.2953415296752553",0.472811,0.445758
50,0.01,4,15,1,0.001,"-49.80735091890409","3.289407182982984",0.448396,0.451045
50,0.01,4,20,1,0.001,"-49.807208183224816","3.2893600605810036",0.466637,0.465836
50,0.01,8,5,1,0.001,"-49.11231201504407","0.8023368130096742",0.431854,0.436169
50,0.01,8,10,1,0.001,"-49.019825917337556","0.7835110470892914",0.443529,0.443554
50,0.01,8,15,1,0.001,"-49.01979860347794","0.7835077286841852",0.455890,0.456412
50,0.01,8,20,1,0.001,"-49.0197985866736","0.7835077271813873",0.470899,0.468364
50,0.01,16,5,1,0.001,"-49.00554673007562","0.19578164436140355",0.432568,0.436127
50,0.01,16,10,1,0.001,"-49.002039880374326","0.19543080654926825",0.447902,0.444283
50,0.01,16,15,1,0.001,"-49.00203985589613","0.1954308050002851",0.487984,0.456828
50,0.01,16,20,1,0.001,"-49.00203985589613","0.1954308050002851",0.469684,0.476002
50,0.3,1,5,1,0.001,"-4.589325889760243","3.0630240525701957",0.446342,0.440277
50,0.3,1,10,1,0.001,"-5.032256428949333","3.3191132489049924",0.456805,0.456567
50,0.3,1,15,1,0.001,"-5.03653028975215","3.3212672782905184",0.465010,0.466390
50,0.3,1,20,1,0.001,"-5.036539317231359","3.321271351969912",0.474570,0.471387
50,0.3,2,5,1,0.001,"-24.52741344107201","7.067625653388809",0.436338,0.435345
50,0.3,2,10,1,0.001,"-29.85124097148173","8.049279746958682",0.450356,0.445568
50,0.3,2,15,1,0.001,"-29.962954055768876","8.063215508776977",0.457686,0.471878
50,0.3,2,20,1,0.001,"-29.963542698268064","8.063273442821206",0.569112,0.471703
50,0.3,4,5,1,0.001,"-52.38278700019272","4.493834678884312",0.439435,0.509153
50,0.3,4,10,1,0.001,"-53.33685668982646","4.017473997114607",0.453744,0.458253
50,0.3,4,15,1,0.001,"-53.347909562839746","4.010610597186215",0.467526,0.506108
50,0.3,4,20,1,0.001,"-53.34805343044202","4.010584431918929",0.476280,0.467958
50,0.3,8,5,1,0.001,"-49.519897499360255","0.8428889266749451",0.464567,0.431688
50,0.3,8,10,1,0.001,"-49.20906513623535","0.7957131211533408",0.444341,0.448936
50,0.3,8,15,1,0.001,"-49.20820028725892","0.795621481536557",0.451617,0.456600
50,0.3,8,20,1,0.001,"-49.208199380680995","0.7956213280664315",0.461238,0.530304
50,0.3,16,5,1,0.001,"-49.024501705105195","0.19669991855764124",0.458201,0.430121
50,0.3,16,10,1,0.001,"-49.0103216612674","0.19571492456904593",0.441239,0.446304
50,0.3,16,15,1,0.001,"-49.010320004292396","0.19571486029335006",0.453752,0.453056
50,0.3,16,20,1,0.001,"-49.010320003873176","0.1957148602755865",0.467236,0.473289
50,0.5,1,5,1,0.001,"-2.8748314325509616","1.3930394088955689",0.438562,0.434422
50,0.5,1,10,1,0.001,"-2.953126047775312","1.4262609816956262",0.444429,0.445133
50,0.5,1,15,1,0.001,"-2.953313344603581","1.4263309878379538",0.455669,0.456135
50,0.5,1,20,1,0.001,"-2.9533134339685407","1.4263310178300737",0.467338,0.468270
50,0.5,2,5,1,0.001,"-13.57453987347812","2.973444198604458",0.432565,0.433398
50,0.5,2,10,1,0.001,"-15.125087871660003","3.218730293656158",0.499201,0.447135
50,0.5,2,15,1,0.001,"-15.137137926180877","3.2201664627269366",0.462952,0.486900
50,0.5,2,20,1,0.001,"-15.137154281931409","3.2201680235171004",0.468166,0.466900
50,0.5,4,5,1,0.001,"-43.11305144968536","3.3861673447024287",0.434063,0.481061
50,0.5,4,10,1,0.001,"-46.1436034194902","3.3855662920130314",0.448233,0.450677
50,0.5,4,15,1,0.001,"-46.16833625873529","3.3851027225386687",0.512382,0.455965
50,0.5,4,20,1,0.001,"-46.16837777662752","3.385101979489491",0.465277,0.466401
50,0.5,8,5,1,0.001,"-50.685473229549416","0.9343421348972925",0.517823,0.439999
50,0.5,8,10,1,0.001,"-50.53227946364025","0.8739925875911325",0.452082,0.461609
50,0.5,8,15,1,0.001,"-50.53237081218853","0.873824826870262",0.487276,0.466282
50,0.5,8,20,1,0.001,"-50.5323717745263","0.8738247230049012",0.473430,0.472753
50,0.5,16,5,1,0.001,"-49.13245553036738","0.19989579457835305",0.442101,0.438831
50,0.5,16,10,1,0.001,"-49.08563381375508","0.1973643946229231",0.451988,0.456258
50,0.5,16,15,1,0.001,"-49.08561418769963","0.19736339450382445",0.462694,0.456527
50,0.5,16,20,1,0.001,"-49.0856141869731","0.19736339433862327",0.471341,0.467280
50,0.8,1,5,1,0.001,"-1.455700352580025","0.28797392984381",0.434714,0.438631
50,0.8,1,10,1,0.001,"-1.4564033110284758","0.2880964542643083",0.465954,0.458449
50,0.8,1,15,1,0.001,"-1.456403335536538","0.2880964580783685",0.463318,0.529070
50,0.8,1,20,1,0.001,"-1.456403335536649","0.2880964580783685",0.498936,0.472189
50,0.8,2,5,1,0.001,"-4.243760959355081","0.40468666601556347",0.439241,0.433462
50,0.8,2,10,1,0.001,"-4.264555569416628","0.40620506442723414",0.445873,0.442809
50,0.8,2,15,1,0.001,"-4.264559595768547","0.4062052987053866",0.460081,0.455793
50,0.8,2,20,1,0.001,"-4.264559595861361","0.40620529870982747",0.461804,0.468732
50,0.8,4,5,1,0.001,"-14.105492975847067","0.5875839161773033",0.429265,0.432899
50,0.8,4,10,1,0.001,"-14.31974919545742","0.5925095903251965",0.445245,0.448433
50,0.8,4,15,1,0.001,"-14.319827210432123","0.5925106593207552",0.458380,0.456481
50,0.8,4,20,1,0.001,"-14.319827212737835","0.5925106593389629",0.464337,0.468008
50,0.8,8,5,1,0.001,"-34.48289453679365","0.512286978217702",0.405541,0.439918
50,0.8,8,10,1,0.001,"-34.87704829623617","0.5123260492418957",0.451648,0.453982
50,0.8,8,15,1,0.001,"-34.87715258379564","0.5123256567514112",0.463771,0.464287
50,0.8,8,20,1,0.001,"-34.87715258537482","0.5123256567416412",0.469588,0.469056
50,0.8,16,5,1,0.001,"-47.194006724180056","0.19829071992560898",0.435041,0.434677
50,0.8,16,10,1,0.001,"-47.306500816887365","0.19712613030087311",0.449724,0.453859
50,0.8,16,15,1,0.001,"-47.30651217861759","0.19712603031196707",0.467379,0.464492
50,0.8,16,20,1,0.001,"-47.30651217865977","0.19712603031152298",0.469477,0.469609
50,0.99,1,5,1,0.001,"-0.9907954695975718","0.009719540656649706",0.433465,0.436578
50,0.99,1,10,1,0.001,"-0.9907954697848664","0.009719540658092995",0.478796,0.450670
50,0.99,1,15,1,0.001,"-0.9907954697848664","0.009719540658092995",0.463075,0.475469
50,0.99,1,20,1,0.001,"-0.9907954697848664","0.009719540658092995",0.465231,0.467228
50,0.99,2,5,1,0.001,"-1.9962894072007575","0.009591596860425433",0.433817,0.441535
50,0.99,2,10,1,0.001,"-1.9962894130437503","0.009591596882074782",0.457399,0.450132
50,0.99,2,15,1,0.001,"-1.9962894130438613","0.009591596882074782",0.459677,0.457529
50,0.99,2,20,1,0.001,"-1.9962894130438613","0.009591596882074782",0.465569,0.465526
50,0.99,4,5,1,0.001,"-4.014364174042884","0.009229400496635343",0.434265,0.437319
50,0.99,4,10,1,0.001,"-4.014364273920434","0.009229400637744689",0.446542,0.469132
50,0.99,4,15,1,0.001,"-4.014364273920434","0.009229400637744689",0.536033,0.460986
50,0.99,4,20,1,0.001,"-4.014364273920434","0.009229400637744689",0.469444,0.466605
50,0.99,8,5,1,0.001,"-7.897397007352147","0.008290833886426263",0.434085,0.436121
50,0.99,8,10,1,0.001,"-7.897397686835617","0.00829083415920806",0.446902,0.450586
50,0.99,8,15,1,0.001,"-7.8973976868352835","0.00829083415920806",0.463771,0.458720
50,0.99,8,20,1,0.001,"-7.8973976868352835","0.00829083415920806",0.471320,0.468709
50,0.99,16,5,1,0.001,"-14.483482927346246","0.006420109598059831",0.437386,0.438166
50,0.99,16,10,1,0.001,"-14.48348435542024","0.006420109626703585",0.450686,0.452231
50,0.99,16,15,1,0.001,"-14.48348435542024","0.0064201096264815405",0.460921,0.471420
50,0.99,16,20,1,0.001,"-14.48348435542024","0.0064201096264815405",0.541822,0.472521
100,0.01,1,5,1,0.001,"-10.945724481715047","10.40394044778914",2.044613,2.048533
100,0.01,1,10,1,0.001,"-17.946998595213426","16.400912355186037",2.210028,2.530951
100,0.01,1,15,1,0.001,"-18.807910370177705","17.060650913498066",2.726449,2.623674
100,0.01,1,20,1,0.001,"-18.85214059681184","17.091779080395497",2.763045,2.807663
100,0.01,2,5,1,0.001,"-79.59540456729464","32.49083179258072",2.225914,2.220641
100,0.01,2,10,1,0.001,"-114.95642820777618","38.00221977314422",2.436091,2.379696
100,0.01,2,15,1,0.001,"-115.57731575881647","37.13186596648299",2.604611,2.851603
100,0.01,2,20,1,0.001,"-115.60798205873724","37.06589836501095",2.994486,3.155978
100,0.01,4,5,1,0.001,"-105.8412499801733","9.24802203858377",2.298391,2.188294
100,0.01,4,10,1,0.001,"-99.45005394673956","6.349991838995095",2.342679,2.319543
100,0.01,4,15,1,0.001,"-99.39822566236955","6.336069046255943",2.635097,2.524198
100,0.01,4,20,1,0.001,"-99.39781606720288","6.335978948470711",2.750966,2.719170
100,0.01,8,5,1,0.001,"-99.35647831439098","1.6358133305161005",2.163823,2.210146
100,0.01,8,10,1,0.001,"-99.0171079260449","1.5645414195404328",2.335833,2.542654
100,0.01,8,15,1,0.001,"-99.01705585082965","1.564534102755033",2.918439,2.653009
100,0.01,8,20,1,0.001,"-99.01705584388765","1.564534101923698",2.775511,2.791083
100,0.01,16,5,1,0.001,"-99.01490060946827","0.39207636780957955",2.350735,2.349276
100,0.01,16,10,1,0.001,"-99.00184312190419","0.3907355597903006",2.459785,2.371529
100,0.01,16,15,1,0.001,"-99.00184306624737","0.39073555584678843",2.704606,2.456329
100,0.01,16,20,1,0.001,"-99.00184306624737","0.39073555584678843",2.738231,2.831070
100,0.3,1,5,1,0.001,"-5.36590726872066","3.659160296382691",2.212200,2.170404
100,0.3,1,10,1,0.001,"-6.436461627047363","4.33396959085508",2.418528,2.392583
100,0.3,1,15,1,0.001,"-6.477409646221899","4.357698731185966",2.779189,2.791766
100,0.3,1,20,1,0.001,"-6.478006475559184","4.358020977774935",3.237669,3.049841
100,0.3,2,5,1,0.001,"-39.00358744984267","12.137583016829545",2.277504,2.198638
100,0.3,2,10,1,0.001,"-62.576750597826525","17.643325632692886",2.671291,2.540125
100,0.3,2,15,1,0.001,"-64.51914239097611","17.96619719931769",2.730125,2.493768
100,0.3,2,20,1,0.001,"-64.59638552926971","17.976613061128077",2.828810,2.819971
100,0.3,4,5,1,0.001,"-111.56294925551435","11.013670663803765",2.294315,2.279731
100,0.3,4,10,1,0.001,"-109.25298146403506","8.11514642063571",2.391835,2.482507
100,0.3,4,15,1,0.001,"-108.84681731188195","8.001595693350794",2.665372,2.674087
100,0.3,4,20,1,0.001,"-108.83846503361738","7.99892390634227",3.054044,3.247609
100,0.3,8,5,1,0.001,"-100.28169449696378","1.7473317354053108",2.314203,2.418950
100,0.3,8,10,1,0.001,"-99.09848994322346","1.5704019961830795",2.542033,2.511729
100,0.3,8,15,1,0.001,"-99.09652749374587","1.5702251718074933",2.819692,2.732535
100,0.3,8,20,1,0.001,"-99.09652148104442","1.5702247379323353",3.070756,2.952333
100,0.3,16,5,1,0.001,"-99.05839433059072","0.3945977508976739",2.146186,2.202313
100,0.3,16,10,1,0.001,"-99.00831553050793","0.3909714961380928",2.432330,2.339960
100,0.3,16,15,1,0.001,"-99.00831371994201","0.39097141044663886",2.519058,2.601701
100,0.3,16,20,1,0.001,"-99.00831371985319","0.39097141043953343",2.808505,2.855057
100,0.5,1,5,1,0.001,"-3.1794963859438363","1.563298535473323",2.257452,2.221087
100,0.5,1,10,1,0.001,"-3.3487889687310313","1.6410409916512991",2.536515,2.393938
100,0.5,1,15,1,0.001,"-3.3504165473812186","1.6417360921162638",2.967649,2.569019
100,0.5,1,20,1,0.001,"-3.350422342539905","1.6417384132882962",3.112987,2.906426
100,0.5,2,5,1,0.001,"-18.902103045986163","4.3730881100718655",2.302044,2.225580
100,0.5,2,10,1,0.001,"-25.203178373290225","5.581623449735673",2.466747,2.413100
100,0.5,2,15,1,0.001,"-25.480045135369167","5.625623237114574",2.594622,2.573170
100,0.5,2,20,1,0.001,"-25.48411599279632","5.626183642100102",2.704557,2.690115
100,0.5,4,5,1,0.001,"-88.72123138410792","7.998574091077515",2.229664,2.211579
100,0.5,4,10,1,0.001,"-104.9502871798591","8.167330779478732",2.559055,2.463629
100,0.5,4,15,1,0.001,"-105.39607821242925","8.14184493974679",2.685027,2.799048
100,0.5,4,20,1,0.001,"-105.40610271674744","8.141397936480388",3.057737,2.762592
100,0.5,8,5,1,0.001,"-103.53698783655219","2.009489536938247",2.373252,2.203203
100,0.5,8,10,1,0.001,"-100.75831953355063","1.6576020348217924",2.467461,2.311203
100,0.5,8,15,1,0.001,"-100.72411611364274","1.6548522696169243",2.667479,2.516982
100,0.5,8,20,1,0.001,"-100.7239157843074","1.6548321525213794",2.741874,2.836439
100,0.5,16,5,1,0.001,"-99.22359311049789","0.4011686223819311",2.192553,2.196484
100,0.5,16,10,1,0.001,"-99.04114621991411","0.39179561269619967",2.306225,2.312518
100,0.5,16,15,1,0.001,"-99.04106535402946","0.39179319018955994",2.805809,2.821327
100,0.5,16,20,1,0.001,"-99.04106525885226","0.3917931876635805",3.115558,3.046981
100,0.8,1,5,1,0.001,"-1.5061483748413096","0.2996356009392631",2.249858,2.166794
100,0.8,1,10,1,0.001,"-1.5074753373891525","0.29988405401271123",2.731852,2.484942
100,0.8,1,15,1,0.001,"-1.5074755195546574","0.2998840861228036",2.848902,2.505084
100,0.8,1,20,1,0.001,"-1.5074755195638723","0.2998840861243579",2.773063,2.794214
100,0.8,2,5,1,0.001,"-4.712047520342377","0.4596621569045167",2.218374,2.287296
100,0.8,2,10,1,0.001,"-4.77472152888736","0.4650193095341315",2.385519,2.385009
100,0.8,2,15,1,0.001,"-4.774809523765189","0.46502592624608763",2.559277,2.490014
100,0.8,2,20,1,0.001,"-4.774809556135962","0.46502592841901613",2.823785,2.792822
100,0.8,4,5,1,0.001,"-19.94673808002334","0.8959679637992046",2.445084,2.261116
100,0.8,4,10,1,0.001,"-21.345274743935327","0.9421317228051063",2.626938,2.469897
100,0.8,4,15,1,0.001,"-21.35193798648327","0.9422975429480562",2.919840,2.739339
100,0.8,4,20,1,0.001,"-21.351944273755084","0.9422976653670201",3.073855,3.007216
100,0.8,8,5,1,0.001,"-69.9120718642301","1.2001737859947958",2.184263,2.289919
100,0.8,8,10,1,0.001,"-74.57576071693906","1.2225290465925909",2.467414,2.534535
100,0.8,8,15,1,0.001,"-74.59932113130074","1.2225311537461536",2.595369,2.640393
100,0.8,8,20,1,0.001,"-74.59934306357674","1.222531113043157",2.733259,2.706817
100,0.8,16,5,1,0.001,"-101.26163875057337","0.469448743822376",2.379318,2.242726
100,0.8,16,10,1,0.001,"-101.92410083015879","0.4499972459370838",2.629903,2.661682
100,0.8,16,15,1,0.001,"-101.9263860731634","0.4499545344085476",2.728589,2.596907
100,0.8,16,20,1,0.001,"-101.92638735539727","0.4499545194240895",2.994253,3.050510
100,0.99,1,5,1,0.001,"-1.0088430026661266","0.01000886161028891",2.340554,2.236351
100,0.99,1,10,1,0.001,"-1.0088430030128492","0.010008861613397535",2.580016,2.325920
100,0.99,1,15,1,0.001,"-1.0088430030128492","0.010008861613397535",2.669302,2.594787
100,0.99,1,20,1,0.001,"-1.0088430030128492","0.010008861613397535",2.763273,2.824026
100,0.99,2,5,1,0.001,"-2.053151088729499","0.010094917624492439",2.256882,2.174041
100,0.99,2,10,1,0.001,"-2.0531511041440575","0.010094917689440486",2.544426,2.487411
100,0.99,2,15,1,0.001,"-2.0531511041440575","0.010094917689440486",2.629928,2.642804
100,0.99,2,20,1,0.001,"-2.0531511041440575","0.010094917689440486",3.203793,2.770881
100,0.99,4,5,1,0.001,"-4.23316551603492","0.010198728127686074",2.485395,2.254055
100,0.99,4,10,1,0.001,"-4.233165999520727","0.010198729016752672",2.663102,2.358907
100,0.99,4,15,1,0.001,"-4.233165999520838","0.010198729016863695",2.579141,2.550628
100,0.99,4,20,1,0.001,"-4.233165999520838","0.010198729016863695",2.802872,2.872412
100,0.99,8,5,1,0.001,"-8.842914183871287","0.010157694722678912",2.252455,2.259603
100,0.99,8,10,1,0.001,"-8.842922290498878","0.010157700369939349",2.530423,2.499548
100,0.99,8,15,1,0.001,"-8.842922290498988","0.010157700369939349",2.798395,2.735366
100,0.99,8,20,1,0.001,"-8.842922290498988","0.010157700369939349",2.970833,2.939838
100,0.99,16,5,1,0.001,"-18.235633580089726","0.009414033575128045",2.398081,2.254839
100,0.99,16,10,1,0.001,"-18.235685075012274","0.00941404340915053",2.597740,2.526602
100,0.99,16,15,1,0.001,"-18.235685075012942","0.009414043408928485",2.857811,2.887213
100,0.99,16,20,1,0.001,"-18.235685075012942","0.009414043408928485",2.883066,2.964149
150,0.01,1,5,1,0.001,"-11.967871041155487","11.518116872963446",6.100104,6.016483
150,0.01,1,10,1,0.001,"-22.756510049663614","21.128525428873335",7.460871,7.619648
150,0.01,1,15,1,0.001,"-25.03674519428012","22.988289067189527",8.908306,11.028935
150,0.01,1,20,1,0.001,"-25.266609365472092","23.162946577678145",12.668061,12.123160
150,0.01,2,5,1,0.001,"-106.72023234928929","45.90607784374967",8.157753,7.933225
150,0.01,2,10,1,0.001,"-179.70121750366275","60.86315422555444",9.540489,9.673540
150,0.01,2,15,1,0.001,"-178.3315787956674","57.52825209939516",11.891714,10.810356
150,0.01,2,20,1,0.001,"-177.92275318992878","57.11435390902153",9.744292,10.989663
150,0.01,4,5,1,0.001,"-162.84429199705386","15.676287137821987",7.456564,7.916699
150,0.01,4,10,1,0.001,"-149.34359809139863","9.458036983801321",9.372160,9.255963
150,0.01,4,15,1,0.001,"-149.26154047908113","9.434629585271637",11.161870,11.217435
150,0.01,4,20,1,0.001,"-149.26119648427516","9.434546008392886",12.875379,12.486054
150,0.01,8,5,1,0.001,"-149.75866712903496","2.5031704881968153",7.524203,8.215675
150,0.01,8,10,1,0.001,"-149.01641222351714","2.3457352504010487",10.213603,10.253712
150,0.01,8,15,1,0.001,"-149.01631706766238","2.3457213686981504",11.551990,11.590412
150,0.01,8,20,1,0.001,"-149.0163170586669","2.345721367547071",13.188289,13.858039
150,0.01,16,5,1,0.001,"-149.030472354454","0.5890169141196111",7.251110,7.252113
150,0.01,16,10,1,0.001,"-149.0017843748177","0.5860456793840285",9.294608,9.622639
150,0.01,16,15,1,0.001,"-149.00178426958632","0.586045671710167",10.867459,12.346221
150,0.01,16,20,1,0.001,"-149.00178426958632","0.586045671710167",14.076954,12.784256
150,0.3,1,5,1,0.001,"-5.684134204519076","3.907860602381019",8.477614,7.914507
150,0.3,1,10,1,0.001,"-7.187876378153213","4.886152760748219",10.375531,10.129336
150,0.3,1,15,1,0.001,"-7.286479153854497","4.946438661992403",12.341262,11.624661
150,0.3,1,20,1,0.001,"-7.289456284255813","4.9481633959778115",13.971650,15.066457
150,0.3,2,5,1,0.001,"-47.61449134267259","15.317257039628274",8.426772,8.841566
150,0.3,2,10,1,0.001,"-94.7722441354717","27.43714867983016",8.578991,9.016797
150,0.3,2,15,1,0.001,"-101.47360780706371","28.699332608383088",10.936975,10.983173
150,0.3,2,20,1,0.001,"-102.01405517468132","28.781048072900717",13.136853,12.346650
150,0.3,4,5,1,0.001,"-172.56885663112698","18.75659525881801",7.776830,7.736807
150,0.3,4,10,1,0.001,"-163.6556533228557","12.01642939059866",9.633042,8.741562
150,0.3,4,15,1,0.001,"-162.27522650832782","11.70971366593676",11.218768,11.282176
150,0.3,4,20,1,0.001,"-162.22575671142891","11.699835337395825",13.251869,13.501610
150,0.3,8,5,1,0.001,"-151.6076959742776","2.7349124017916893",9.201415,8.671041
150,0.3,8,10,1,0.001,"-149.0840541271723","2.350812702694327",10.163514,9.959084
150,0.3,8,15,1,0.001,"-149.08138753438038","2.35055061639855",10.259872,11.063184
150,0.3,8,20,1,0.001,"-149.0813845060046","2.3505503719007947",12.787265,13.529760
150,0.3,16,5,1,0.001,"-149.1161102693468","0.5942135441472374",7.738117,8.357416
150,0.3,16,10,1,0.001,"-149.00783272333484","0.5862696023584135",10.232047,10.311752
150,0.3,16,15,1,0.001,"-149.0078298361226","0.5862694576777017",10.863871,10.930734
150,0.3,16,20,1,0.001,"-149.00782983604444","0.5862694576777017",13.015095,13.548438
150,0.5,1,5,1,0.001,"-3.297088104389667","1.6297721341345106",8.804220,9.040480
150,0.5,1,10,1,0.001,"-3.520904024073679","1.73539733586614",10.925844,10.355992
150,0.5,1,15,1,0.001,"-3.5245045328243796","1.7370112955373829",11.143950,13.313657
150,0.5,1,20,1,0.001,"-3.524531211059112","1.7370227079175349",12.073078,12.212201
150,0.5,2,5,1,0.001,"-21.639164212567064","5.120929768876792",7.637441,8.018182
150,0.5,2,10,1,0.001,"-33.177374037656634","7.499508536211508",9.821866,9.684302
150,0.5,2,15,1,0.001,"-34.22153841267139","7.6851821446610735",11.306877,10.717442
150,0.5,2,20,1,0.001,"-34.260147900089684","7.691303366734736",12.435706,12.080791
150,0.5,4,5,1,0.001,"-129.62640422569115","12.600207855355094",8.856343,7.944933
150,0.5,4,10,1,0.001,"-167.04738780143913","13.38397420716575",10.558942,9.826634
150,0.5,4,15,1,0.001,"-167.94915801866495","13.222537387807876",11.886981,11.498265
150,0.5,4,20,1,0.001,"-167.9951814243843","13.215344739084145",13.469067,14.182576
150,0.5,8,5,1,0.001,"-157.3006126486689","3.226524365032901",7.558414,7.290875
150,0.5,8,10,1,0.001,"-150.35601758337336","2.417971300019417",9.522508,9.436915
150,0.5,8,15,1,0.001,"-150.2751403809306","2.4124757658547935",10.372649,11.541590
150,0.5,8,20,1,0.001,"-150.27418958832683","2.412415710821847",13.004005,12.097941
150,0.5,16,5,1,0.001,"-149.41939140889104","0.6071432269436627",8.215862,7.223370
150,0.5,16,10,1,0.001,"-149.0354806525147","0.5869897664965151",9.407824,10.051721
150,0.5,16,15,1,0.001,"-149.0353944016789","0.5869868770318476",12.009628,11.350097
150,0.5,16,20,1,0.001,"-149.03539436427593","0.5869868760797203",13.297465,13.566742
150,0.8,1,5,1,0.001,"-1.5237067425000195","0.30367671786202255",8.090434,8.042241
150,0.8,1,10,1,0.001,"-1.5253459700813599","0.3039907256162655",9.004533,9.231000
150,0.8,1,15,1,0.001,"-1.525346329938393","0.3039907917826712",11.316416,11.200201
150,0.8,1,20,1,0.001,"-1.5253463299755854","0.3039907917892215",12.945987,13.341974
150,0.8,2,5,1,0.001,"-4.897768782936018","0.4815914568871982",8.341728,8.340434
150,0.8,2,10,1,0.001,"-4.9910682232015","0.48999428087814767",9.175725,9.243458
150,0.8,2,15,1,0.001,"-4.9913456674793855","0.4900171065386205",11.858071,12.116314
150,0.8,2,20,1,0.001,"-4.991345958152094","0.4900171285812105",14.615950,13.780206
150,0.8,4,5,1,0.001,"-23.19258293038251","1.0734190096046703",7.794385,9.082880
150,0.8,4,10,1,0.001,"-26.258719122072893","1.1880669930672827",9.317149,10.142799
150,0.8,4,15,1,0.001,"-26.300830420270316","1.189345093037586",10.599790,10.292947
150,0.8,4,20,1,0.001,"-26.3009893947006","1.18934914449631",12.707752,12.999914
150,0.8,8,5,1,0.001,"-102.54838647836806","1.9032953972732969",7.601994,7.831997
150,0.8,8,10,1,0.001,"-117.23075491210987","2.0155430979142963",9.527198,9.349580
150,0.8,8,15,1,0.001,"-117.45902923741447","2.0160208019275316",10.554353,10.616444
150,0.8,8,20,1,0.001,"-117.46013651236176","2.01602093070008",12.644891,13.209530
150,0.8,16,5,1,0.001,"-156.5670930412928","0.7697810242373038",8.683476,7.967590
150,0.8,16,10,1,0.001,"-156.78443695227529","0.6972192590612991",11.346579,10.706135
150,0.8,16,15,1,0.001,"-156.78770425336097","0.6967030037952071",11.104078,11.760968
150,0.8,16,20,1,0.001,"-156.7877477591768","0.6967018902450661",12.167130,12.532861
150,0.99,1,5,1,0.001,"-1.013538423450866","0.010094219537459814",8.151022,8.049609
150,0.99,1,10,1,0.001,"-1.0135384238760814","0.010094219541345595",9.628954,9.475026
150,0.99,1,15,1,0.001,"-1.0135384238760814","0.010094219541345595",11.517800,11.917431
150,0.99,1,20,1,0.001,"-1.0135384238760814","0.010094219541345595",12.097605,12.952508
150,0.99,2,5,1,0.001,"-2.0668510436949727","0.010244018363914087",8.060851,9.900318
150,0.99,2,10,1,0.001,"-2.066851065176234","0.010244018458838156",10.543076,10.523255
150,0.99,2,15,1,0.001,"-2.066851065176123","0.010244018458949178",12.287393,12.090609
150,0.99,2,20,1,0.001,"-2.066851065176123","0.010244018458949178",13.699868,14.455194
150,0.99,4,5,1,0.001,"-4.287563407744499","0.01050689140180694",7.350168,7.904677
150,0.99,4,10,1,0.001,"-4.287564262527854","0.010506893122985694",9.806679,9.511485
150,0.99,4,15,1,0.001,"-4.287564262527965","0.010506893123096717",11.641363,10.704601
150,0.99,4,20,1,0.001,"-4.287564262527965","0.010506893123096717",13.083048,12.675771
150,0.99,8,5,1,0.001,"-9.131232718632475","0.010871328923078849",7.489351,7.489793
150,0.99,8,10,1,0.001,"-9.131254159181589","0.010871346797114434",9.810525,8.998349
150,0.99,8,15,1,0.001,"-9.131254159183365","0.010871346797225456",11.695654,12.276339
150,0.99,8,20,1,0.001,"-9.131254159183365","0.010871346797225456",13.155532,13.081828
150,0.99,16,5,1,0.001,"-19.85230695564333","0.010975554932457499",8.202582,7.823141
150,0.99,16,10,1,0.001,"-19.852547713866908","0.010975622738218505",9.048998,9.132123
150,0.99,16,15,1,0.001,"-19.852547713902325","0.01097562273799646",10.749652,11.197986
150,0.99,16,20,1,0.001,"-19.852547713902325","0.01097562273799646",12.626438,12.874196
200,0.01,1,5,1,0.001,"-12.54417721019463","12.153029587250508",18.071177,17.241002
200,0.01,1,10,1,0.001,"-26.346431228363","24.71793306978043",24.314401,23.972290
200,0.01,1,15,1,0.001,"-30.36197297475951","28.112334875742828",29.395668,36.743697
200,0.01,1,20,1,0.001,"-30.95602190604474","28.58439450649808",55.663089,47.745723
200,0.01,2,5,1,0.001,"-126.86339996859175","56.24269271524085",53.435193,58.414879
200,0.01,2,10,1,0.001,"-245.65316629679756","84.80556193715216",34.134515,43.059897
200,0.01,2,15,1,0.001,"-240.22964569201122","77.62140037895904",29.751868,29.671390
200,0.01,2,20,1,0.001,"-238.74121116617175","76.5560772020919",33.287159,58.757233
200,0.01,4,5,1,0.001,"-222.11796574778475","23.223053018739392",27.216659,29.357654
200,0.01,4,10,1,0.001,"-199.3371660658596","12.58663134932192",33.175632,95.817557
200,0.01,4,15,1,0.001,"-199.21305468780304","12.550196255318724",41.785102,43.905361
200,0.01,4,20,1,0.001,"-199.2126599791959","12.550095103449621",51.370097,35.270949
200,0.01,8,5,1,0.001,"-200.31663436057556","3.4041777388864602",16.170060,16.738019
200,0.01,8,10,1,0.001,"-199.01612569054805","3.1269645849363314",20.131480,25.093171
200,0.01,8,15,1,0.001,"-199.01597252948022","3.1269418440871277",30.563905,30.325793
200,0.01,8,20,1,0.001,"-199.01597251708836","3.1269418424386686",42.456138,56.676973
200,0.01,16,5,1,0.001,"-199.05215383236907","0.786599100038643",31.641962,26.074471
200,0.01,16,10,1,0.001,"-199.0017561600297","0.7813570260566394",93.883956,33.351033
200,0.01,16,15,1,0.001,"-199.00175598812098","0.7813570132952918",50.547590,48.783044
200,0.01,16,20,1,0.001,"-199.00175598812098","0.7813570132952918",32.991868,33.345037
200,0.3,1,5,1,0.001,"-5.857212051409988","4.04411952982775",18.877047,18.876312
200,0.3,1,10,1,0.001,"-7.66369695165614","5.239167221299912",20.886368,24.191394
200,0.3,1,15,1,0.001,"-7.8234950798516945","5.339753976261186",32.275487,29.420113
200,0.3,1,20,1,0.001,"-7.830714115122817","5.344101813889557",30.081904,22.321230
200,0.3,2,5,1,0.001,"-53.263940991133296","17.456494303241143",21.990310,49.955478
200,0.3,2,10,1,0.001,"-125.6755445821014","37.099437466734386",40.226616,32.831436
200,0.3,2,15,1,0.001,"-139.88659151312177","39.99146902023121",62.550273,65.214386
200,0.3,2,20,1,0.001,"-141.52280526861637","40.25407631515421",51.367336,55.043970
200,0.3,4,5,1,0.001,"-234.05647662747242","27.30591096018742",22.458824,20.282534
200,0.3,4,10,1,0.001,"-217.65698360022867","15.868917201153465",24.694968,23.751148
200,0.3,4,15,1,0.001,"-215.15544857729907","15.337022355154772",29.351900,29.015969
200,0.3,4,20,1,0.001,"-215.0678447036185","15.32114746513713",34.890545,30.494598
200,0.3,8,5,1,0.001,"-203.44353327480036","3.8018340512309123",19.524334,17.921060
200,0.3,8,10,1,0.001,"-199.0806924557802","3.131904414907183",34.912360,55.673000
200,0.3,8,15,1,0.001,"-199.0768585369409","3.1315138719989477",41.244758,58.014545
200,0.3,8,20,1,0.001,"-199.07685574595035","3.131513627678828",76.919620,55.203491
200,0.3,16,5,1,0.001,"-199.1963583759926","0.7955121634708462",32.159011,30.747787
200,0.3,16,10,1,0.001,"-199.00761254338306","0.7815754468722957",25.534690,20.608300
200,0.3,16,15,1,0.001,"-199.00760816323526","0.7815752217297245",24.116681,27.552219
200,0.3,16,20,1,0.001,"-199.0076081631571","0.7815752217297245",33.232263,36.022178
200,0.5,1,5,1,0.001,"-3.359437241778229","1.6651805913578954",16.619352,14.099679
200,0.5,1,10,1,0.001,"-3.618326586575238","1.7890745640930517",17.449710,17.582832
200,0.5,1,15,1,0.001,"-3.62380560486264","1.791593678300618",40.146106,60.816647
200,0.5,1,20,1,0.001,"-3.623865722577224","1.7916203122971819",41.020729,91.669485
200,0.5,2,5,1,0.001,"-23.29818781970694","5.582472663033133",29.801040,29.953612
200,0.5,2,10,1,0.001,"-39.72279673786261","9.103673117148325",39.121166,39.722543
200,0.5,2,15,1,0.001,"-41.999919531199744","9.534865438906248",31.677223,30.374894
200,0.5,2,20,1,0.001,"-42.14190113413485","9.559228830387845",35.485256,33.721056
200,0.5,4,5,1,0.001,"-165.14119037828223","16.83715832602317",22.266221,20.290920
200,0.5,4,10,1,0.001,"-230.52967049830286","18.839227747321274",25.769086,18.584282
200,0.5,4,15,1,0.001,"-231.06987284415226","18.360462244313425",26.036640,21.109349
200,0.5,4,20,1,0.001,"-231.07987253505868","18.32578258881412",59.326061,47.646180
200,0.5,8,5,1,0.001,"-212.2857411064416","4.595785179972722",26.679667,54.660754
200,0.5,8,10,1,0.001,"-200.05276334111244","3.184248684249269",67.952235,38.886014
200,0.5,8,15,1,0.001,"-199.9428671855057","3.176758340281083",47.960745,40.622560
200,0.5,8,20,1,0.001,"-199.9417321230652","3.176692988986929",35.828532,32.963182
200,0.5,16,5,1,0.001,"-199.6943778934721","0.8173081161473306",19.846715,16.459506
200,0.5,16,10,1,0.001,"-199.03351832942207","0.7822593566402247",22.883929,19.852317
200,0.5,16,15,1,0.001,"-199.0334062859631","0.7822554041538865",24.646591,25.370774
200,0.5,16,20,1,0.001,"-199.03340626436972","0.7822554035286089",29.102068,22.570009
200,0.8,1,5,1,0.001,"-1.532630963159809","0.30572721633659317",30.532964,48.170909
200,0.8,1,10,1,0.001,"-1.5344526662139923","0.3060800838426969",34.011796,28.548711
200,0.8,1,15,1,0.001,"-1.5344531734868827","0.30608017910438434",89.450260,43.415111
200,0.8,1,20,1,0.001,"-1.5344531735621558","0.3060801791180401",55.455013,50.761567
200,0.8,2,5,1,0.001,"-4.9974493628351935","0.49340735180924966",18.435394,20.896141
200,0.8,2,10,1,0.001,"-5.112206631237015","0.5040159759124307",23.584754,26.082465
200,0.8,2,15,1,0.001,"-5.112717296565705","0.5040599841157345",26.952173,27.737023
200,0.8,2,20,1,0.001,"-5.112718240850911","0.5040600604291345",38.399967,27.860148
200,0.8,4,5,1,0.001,"-25.25834624236167","1.1887733724535998",21.158269,11.991568
200,0.8,4,10,1,0.001,"-30.06802372119255","1.3805674979583404",33.866022,52.575591
200,0.8,4,15,1,0.001,"-30.189798524559386","1.3846675365951633",41.629411,63.348599
200,0.8,4,20,1,0.001,"-30.190808378191658","1.3846970749615828",78.817272,56.860671
200,0.8,8,5,1,0.001,"-131.67153539182675","2.571012931221972",30.773645,25.492893
200,0.8,8,10,1,0.001,"-161.72905181237596","2.860587855630037",21.129576,21.285344
200,0.8,8,15,1,0.001,"-162.5768796992002","2.863371094036893",30.054136,29.216108
200,0.8,8,20,1,0.001,"-162.5871056853283","2.8633833497426764",32.857690,32.062719
200,0.8,16,5,1,0.001,"-212.6492408278313","1.0955251248851994",15.630363,16.332545
200,0.8,16,10,1,0.001,"-210.57433758578802","0.9318829639592963",23.627918,21.351022
200,0.8,16,15,1,0.001,"-210.52758558346517","0.9298413945604267",52.583578,40.569615
200,0.8,16,20,1,0.001,"-210.52761456521907","0.9298298611781775",42.329726,98.532534
200,0.99,1,5,1,0.001,"-1.0154020311394785","0.010131021797588069",28.994091,31.373414
200,0.99,1,10,1,0.001,"-1.015402031610324","0.010131021802028961",43.229558,33.092418
200,0.99,1,15,1,0.001,"-1.015402031610324","0.010131021802028961",32.333163,32.143235
200,0.99,1,20,1,0.001,"-1.015402031610324","0.010131021802028961",36.673617,38.507643
200,0.99,2,5,1,0.001,"-2.0716359130756867","0.010306730367171113",19.481606,15.779411
200,0.99,2,10,1,0.001,"-2.0716359384339578","0.010306730481857151",22.601157,24.640762
200,0.99,2,15,1,0.001,"-2.0716359384338467","0.010306730481857151",23.763807,14.736732
200,0.99,2,20,1,0.001,"-2.0716359384338467","0.010306730481857151",65.525280,49.983896
200,0.99,4,5,1,0.001,"-4.305826240094235","0.010639053338867832",24.921117,89.974791
200,0.99,4,10,1,0.001,"-4.305827384210259","0.010639055752714732",30.080935,44.617016
200,0.99,4,15,1,0.001,"-4.30582738421037","0.010639055752825755",43.964443,36.048376
200,0.99,4,20,1,0.001,"-4.30582738421037","0.010639055752825755",37.435622,34.965042
200,0.99,8,5,1,0.001,"-9.242019878671458","0.011207945177282852",20.416371,19.812564
200,0.99,8,10,1,0.001,"-9.242055948965877","0.011207978159233356",25.719750,27.296706
200,0.99,8,15,1,0.001,"-9.242055948973759","0.011207978159233356",28.993549,28.886969
200,0.99,8,20,1,0.001,"-9.242055948973759","0.011207978159233356",20.853711,10.692282
200,0.99,16,5,1,0.001,"-20.65566288473597","0.011875028744445792",50.915925,32.576800
200,0.99,16,10,1,0.001,"-20.656241856669144","0.011875225331303696",31.427348,53.072495
200,0.99,16,15,1,0.001,"-20.65624185700077","0.011875225331303696",69.544896,36.643391
200,0.99,16,20,1,0.001,"-20.65624185700077","0.011875225331303696",49.203597,50.270266
