N,v,beta,T,i0,mean_beta,sd_beta,mse_beta,time_beta
50,0.01,1.0,5,1,7.970004,0.974608,9.461982e-01,0.122526
50,0.01,4.0,5,1,3.954614,1.779319,3.160976e+00,0.162786
50,0.01,2.0,5,1,15.481882,1.848926,3.420633e+00,0.163330
50,0.01,1.0,10,1,9.757216,1.463045,2.149763e+00,0.270828
50,0.01,8.0,5,1,0.768624,0.935167,8.721754e-01,0.152235
50,0.01,4.0,10,1,3.370448,2.053220,4.204490e+00,0.370171
50,0.01,16.0,5,1,0.140774,0.448767,2.036125e-01,0.143446
50,0.01,1.0,15,1,9.860006,1.510024,2.278491e+00,0.418623
50,0.01,2.0,10,1,16.322220,3.055411,9.324457e+00,0.428787
50,0.01,8.0,10,1,0.702910,0.903014,8.186692e-01,0.321835
50,0.3,1.0,5,1,3.053822,0.427186,1.818426e-01,0.103216
50,0.01,1.0,20,1,9.750696,1.465687,2.178063e+00,0.563091
50,0.01,4.0,15,1,3.119328,1.880056,3.549399e+00,0.566584
50,0.01,8.0,15,1,0.692502,0.901183,8.171637e-01,0.494471
50,0.01,16.0,10,1,0.162782,0.468032,2.192433e-01,0.292541
50,0.01,2.0,15,1,16.140090,2.869965,8.307138e+00,0.668722
50,0.3,1.0,10,1,3.288808,0.507202,2.571433e-01,0.209426
50,0.3,2.0,5,1,7.021210,0.873771,7.625769e-01,0.142909
50,0.01,4.0,20,1,3.288452,2.094639,4.369962e+00,0.773219
50,0.3,1.0,15,1,3.208608,0.506023,2.677276e-01,0.319584
50,0.3,4.0,5,1,4.413632,1.050998,1.106610e+00,0.165730
50,0.01,16.0,15,1,0.153936,0.460447,2.128853e-01,0.464754
50,0.01,2.0,20,1,15.804962,3.096852,9.983049e+00,0.907337
50,0.01,8.0,20,1,0.656588,0.834425,7.095884e-01,0.680966
50,0.3,2.0,10,1,8.009708,1.151410,1.322007e+00,0.337276
50,0.3,1.0,20,1,3.285368,0.537463,2.890003e-01,0.438626
50,0.3,8.0,5,1,0.761774,0.642866,4.182031e-01,0.154686
50,0.01,16.0,20,1,0.158920,0.465404,2.170675e-01,0.624427
50,0.3,4.0,10,1,3.980706,1.261221,1.585669e+00,0.383186
50,0.3,16.0,5,1,0.161326,0.312227,9.834686e-02,0.144237
50,0.3,2.0,15,1,7.990156,1.232402,1.518077e+00,0.514883
50,0.5,1.0,5,1,1.398420,0.194052,3.753437e-02,0.092306
50,0.3,8.0,10,1,0.692554,0.621113,3.948803e-01,0.333779
50,0.3,16.0,10,1,0.166952,0.310027,9.655973e-02,0.295771
50,0.5,1.0,10,1,1.447990,0.213260,4.576994e-02,0.182033
50,0.5,2.0,5,1,2.979614,0.432745,1.865571e-01,0.124847
50,0.3,2.0,20,1,8.006662,1.293238,1.668980e+00,0.697259
50,0.3,4.0,15,1,3.896978,1.291644,1.674584e+00,0.595381
50,0.3,8.0,15,1,0.736688,0.619053,3.851663e-01,0.506867
50,0.5,1.0,15,1,1.399620,0.213833,4.625523e-02,0.282932
50,0.3,16.0,15,1,0.154128,0.306696,9.541567e-02,0.456912
50,0.5,4.0,5,1,3.342258,0.563860,3.185947e-01,0.154986
50,0.5,2.0,10,1,3.210584,0.543980,2.947965e-01,0.257412
50,0.5,1.0,20,1,1.422100,0.223770,4.989046e-02,0.376180
50,0.5,8.0,5,1,0.904740,0.468206,2.192165e-01,0.152641
50,0.3,8.0,20,1,0.712186,0.691755,4.835728e-01,0.690439
50,0.3,4.0,20,1,4.000914,1.358316,1.837736e+00,0.814873
50,0.3,16.0,20,1,0.162224,0.311782,9.794091e-02,0.628469
50,0.5,2.0,15,1,3.182414,0.552160,3.050866e-01,0.396712
50,0.5,4.0,10,1,3.352242,0.763661,5.819559e-01,0.354286
50,0.5,16.0,5,1,0.186130,0.232792,5.416506e-02,0.140323
50,0.8,1.0,5,1,0.288746,0.033925,1.146895e-03,0.071359
50,0.5,8.0,10,1,0.862084,0.518712,2.681273e-01,0.328586
50,0.8,1.0,10,1,0.290672,0.035020,1.228140e-03,0.145484
50,0.5,2.0,20,1,3.178358,0.507126,2.578966e-01,0.536014
50,0.8,2.0,5,1,0.406656,0.063735,4.049784e-03,0.083576
50,0.5,16.0,10,1,0.172814,0.221137,4.930868e-02,0.296898
50,0.5,4.0,15,1,3.276092,0.661374,4.475489e-01,0.540516
50,0.8,1.0,15,1,0.288022,0.035470,1.253112e-03,0.218914
50,0.8,2.0,10,1,0.411108,0.064304,4.142547e-03,0.167477
50,0.8,4.0,5,1,0.586072,0.106822,1.136764e-02,0.104946
50,0.5,8.0,15,1,0.830180,0.485505,2.366773e-01,0.514916
50,0.8,1.0,20,1,0.287588,0.033808,1.138661e-03,0.306529
50,0.8,2.0,15,1,0.405012,0.062195,3.854172e-03,0.251074
50,0.5,16.0,15,1,0.171224,0.223304,5.034860e-02,0.462852
50,0.8,4.0,10,1,0.590778,0.108720,1.177573e-02,0.202984
50,0.8,8.0,5,1,0.506114,0.108783,1.182454e-02,0.123425
50,0.5,4.0,20,1,3.309052,0.712788,5.118178e-01,0.741611
50,0.8,16.0,5,1,0.194468,0.083487,6.956796e-03,0.130428
50,0.5,8.0,20,1,0.848364,0.505593,2.552500e-01,0.703198
50,0.8,2.0,20,1,0.407166,0.064990,4.207688e-03,0.348601
50,0.8,4.0,15,1,0.588136,0.108545,1.175405e-02,0.315081
50,0.5,16.0,20,1,0.164686,0.219484,4.904856e-02,0.626972
50,0.99,1.0,5,1,0.009908,0.002398,5.761053e-06,0.058796
50,0.8,8.0,10,1,0.506100,0.114680,1.313757e-02,0.257953
50,0.99,2.0,5,1,0.009752,0.002478,6.142225e-06,0.059312
50,0.99,1.0,10,1,0.009920,0.002384,5.701784e-06,0.119110
50,0.8,16.0,10,1,0.198698,0.090544,8.167969e-03,0.270139
50,0.99,2.0,10,1,0.009786,0.002463,6.078997e-06,0.122723
50,0.99,4.0,5,1,0.009406,0.002623,6.881351e-06,0.059291
50,0.8,4.0,20,1,0.589400,0.109979,1.205675e-02,0.434141
50,0.99,1.0,15,1,0.009940,0.002404,5.805002e-06,0.189409
50,0.8,8.0,15,1,0.497016,0.110788,1.245933e-02,0.384978
50,0.99,2.0,15,1,0.009810,0.002496,6.254600e-06,0.188136
50,0.99,8.0,5,1,0.008346,0.002689,7.204327e-06,0.061616
50,0.99,4.0,10,1,0.009432,0.002619,6.870423e-06,0.122801
50,0.99,1.0,20,1,0.009886,0.002380,5.667713e-06,0.263811
50,0.8,16.0,15,1,0.193072,0.085069,7.224208e-03,0.413804
50,0.99,16.0,5,1,0.006404,0.002413,5.801044e-06,0.064226
50,0.99,8.0,10,1,0.008320,0.002719,7.366451e-06,0.125227
50,0.99,2.0,20,1,0.009740,0.002423,5.868423e-06,0.267343
50,0.99,4.0,15,1,0.009464,0.002632,6.953741e-06,0.194432
50,0.8,8.0,20,1,0.499478,0.111076,1.245362e-02,0.529801
50,0.99,8.0,15,1,0.008366,0.002691,7.218694e-06,0.195989
50,0.99,16.0,10,1,0.006454,0.002457,6.014033e-06,0.129532
50,0.99,4.0,20,1,0.009376,0.002574,6.618115e-06,0.269904
100,0.01,1.0,5,1,10.411980,1.310664,1.711033e+00,0.124828
50,0.8,16.0,20,1,0.196182,0.085250,7.239431e-03,0.567449
50,0.99,16.0,15,1,0.006432,0.002417,5.819517e-06,0.209025
50,0.99,8.0,20,1,0.008314,0.002680,7.154941e-06,0.272226
100,0.01,2.0,5,1,32.490358,3.010096,9.024433e+00,0.165206
50,0.99,16.0,20,1,0.006418,0.002377,5.628280e-06,0.282835
100,0.01,1.0,10,1,16.072517,2.378506,5.742507e+00,0.291120
100,0.01,4.0,5,1,9.008899,3.500167,1.225934e+01,0.176553
100,0.01,8.0,5,1,1.531114,1.849473,3.417829e+00,0.160466
100,0.01,1.0,15,1,17.041634,2.600729,6.737098e+00,0.453095
100,0.01,16.0,5,1,0.287760,0.917607,8.495165e-01,0.146585
100,0.01,4.0,10,1,6.455451,4.108212,1.682102e+01,0.394815
100,0.01,2.0,10,1,37.954298,6.470745,4.170535e+01,0.503698
100,0.01,8.0,10,1,1.384338,1.839661,3.403289e+00,0.342069
100,0.01,1.0,20,1,16.861422,2.623731,6.909493e+00,0.610365
100,0.3,1.0,5,1,3.662753,0.553076,3.046829e-01,0.101947
100,0.01,4.0,15,1,6.065338,3.716407,1.382973e+01,0.609920
100,0.01,16.0,10,1,0.324341,0.950545,9.043299e-01,0.308954
100,0.01,8.0,15,1,1.399885,1.856471,3.459807e+00,0.527032
100,0.3,1.0,10,1,4.324395,0.775505,5.990937e-01,0.217060
100,0.01,2.0,15,1,36.503924,7.319475,5.375473e+01,0.806804
100,0.3,2.0,5,1,12.207104,1.335982,1.782541e+00,0.144337
100,0.3,1.0,15,1,4.254521,0.759068,5.845257e-01,0.326325
100,0.01,16.0,15,1,0.315508,0.943220,8.917653e-01,0.475877
100,0.01,8.0,20,1,1.300090,1.720472,3.018114e+00,0.731418
100,0.01,4.0,20,1,6.464103,4.255374,1.805219e+01,0.842715
100,0.3,4.0,5,1,10.762529,2.061012,4.293853e+00,0.182707
100,0.3,1.0,20,1,4.286967,0.777316,6.068513e-01,0.450980
100,0.3,2.0,10,1,17.545238,2.734063,7.454820e+00,0.395974
100,0.3,8.0,5,1,1.571207,1.285483,1.676877e+00,0.164408
100,0.01,16.0,20,1,0.325493,0.952951,9.087393e-01,0.663354
100,0.01,2.0,20,1,35.906369,6.752702,4.676110e+01,1.116362
100,0.3,16.0,5,1,0.309777,0.621504,3.919161e-01,0.148075
100,0.3,4.0,10,1,7.842626,2.709292,7.385168e+00,0.438736
100,0.3,8.0,10,1,1.374673,1.337696,1.820584e+00,0.348586
100,0.5,1.0,5,1,1.563238,0.225714,5.074288e-02,0.089360
100,0.3,2.0,15,1,17.848415,2.854156,8.127494e+00,0.618595
100,0.3,16.0,10,1,0.316278,0.623201,3.924047e-01,0.309675
100,0.5,1.0,10,1,1.661934,0.263489,6.958510e-02,0.179262
100,0.5,2.0,5,1,4.384500,0.586311,3.425156e-01,0.122637
100,0.3,8.0,15,1,1.503618,1.336587,1.783755e+00,0.543071
100,0.3,4.0,15,1,7.813459,2.913881,8.492136e+00,0.665015
100,0.3,2.0,20,1,17.891899,2.828257,7.974217e+00,0.830436
100,0.5,1.0,15,1,1.607913,0.257136,6.699866e-02,0.278680
100,0.3,16.0,15,1,0.285325,0.605587,3.764295e-01,0.477819
100,0.5,4.0,5,1,7.912223,1.033214,1.070717e+00,0.162884
100,0.5,2.0,10,1,5.490474,0.911241,8.353467e-01,0.275423
100,0.5,1.0,20,1,1.638958,0.260947,6.782873e-02,0.375618
100,0.3,8.0,20,1,1.390243,1.454889,2.140628e+00,0.732903
100,0.5,8.0,5,1,1.948970,0.939571,8.829258e-01,0.167074
100,0.3,16.0,20,1,0.300820,0.614961,3.847917e-01,0.656798
100,0.3,4.0,20,1,8.055389,2.911048,8.443490e+00,0.914094
100,0.5,2.0,15,1,5.563377,0.972419,9.456906e-01,0.423334
100,0.5,16.0,5,1,0.364694,0.476092,2.270872e-01,0.147655
100,0.8,1.0,5,1,0.300252,0.033776,1.136649e-03,0.068892
100,0.5,4.0,10,1,8.114681,1.615745,2.602960e+00,0.423624
100,0.5,2.0,20,1,5.590277,0.969075,9.366395e-01,0.567317
100,0.5,8.0,10,1,1.660755,1.071185,1.142857e+00,0.362704
100,0.8,1.0,10,1,0.302084,0.034353,1.180274e-03,0.141134
100,0.5,16.0,10,1,0.329929,0.441568,1.980301e-01,0.313682
100,0.8,2.0,5,1,0.460184,0.070882,5.004492e-03,0.082743
100,0.8,1.0,15,1,0.298859,0.034404,1.179972e-03,0.219201
100,0.8,2.0,10,1,0.472585,0.074318,5.558302e-03,0.163517
100,0.8,4.0,5,1,0.893362,0.147549,2.169030e-02,0.106473
100,0.5,4.0,15,1,7.956159,1.560020,2.458406e+00,0.667721
100,0.5,8.0,15,1,1.551922,0.991022,9.887911e-01,0.559356
100,0.8,1.0,20,1,0.298039,0.034060,1.158835e-03,0.307073
100,0.5,16.0,15,1,0.325821,0.447356,2.036791e-01,0.488779
100,0.8,2.0,15,1,0.461214,0.071899,5.163288e-03,0.253793
100,0.8,8.0,5,1,1.188263,0.197553,3.901280e-02,0.140325
100,0.8,4.0,10,1,0.936622,0.158118,2.493158e-02,0.217382
100,0.8,2.0,20,1,0.461977,0.071375,5.083345e-03,0.348558
100,0.5,4.0,20,1,7.800423,1.568819,2.567612e+00,0.890185
100,0.8,16.0,5,1,0.453530,0.165580,2.756054e-02,0.149028
100,0.5,8.0,20,1,1.616845,1.051960,1.103637e+00,0.765648
100,0.5,16.0,20,1,0.313162,0.429281,1.897278e-01,0.671589
100,0.99,1.0,5,1,0.010083,0.001687,2.841358e-06,0.058581
100,0.8,4.0,15,1,0.932193,0.173512,3.008792e-02,0.334349
100,0.8,8.0,10,1,1.218641,0.233715,5.441914e-02,0.303416
100,0.99,2.0,5,1,0.010184,0.001813,3.282580e-06,0.061608
100,0.99,1.0,10,1,0.010117,0.001683,2.831755e-06,0.122814
100,0.99,4.0,5,1,0.010227,0.001941,3.755020e-06,0.059433
100,0.99,1.0,15,1,0.010111,0.001691,2.857861e-06,0.190741
100,0.99,2.0,10,1,0.010232,0.001812,3.290468e-06,0.123765
100,0.8,4.0,20,1,0.931530,0.163637,2.678577e-02,0.454725
100,0.8,16.0,10,1,0.441123,0.191983,3.678876e-02,0.320576
100,0.99,8.0,5,1,0.010228,0.002234,4.974959e-06,0.062046
100,0.99,2.0,15,1,0.010233,0.001807,3.273028e-06,0.193167
100,0.8,8.0,15,1,1.201124,0.245726,6.059814e-02,0.468495
100,0.99,1.0,20,1,0.010094,0.001679,2.816413e-06,0.262462
100,0.99,4.0,10,1,0.010302,0.001952,3.803961e-06,0.124693
100,0.99,16.0,5,1,0.009441,0.002455,6.004996e-06,0.063352
100,0.99,8.0,10,1,0.010292,0.002321,5.385772e-06,0.125161
100,0.99,2.0,20,1,0.010189,0.001773,3.139880e-06,0.269887
100,0.99,4.0,15,1,0.010328,0.001955,3.822627e-06,0.196989
100,0.8,16.0,15,1,0.426429,0.182348,3.367129e-02,0.499717
100,0.99,16.0,10,1,0.009415,0.002424,5.851526e-06,0.130297
100,0.8,8.0,20,1,1.183063,0.245776,6.172218e-02,0.637855
100,0.99,8.0,15,1,0.010311,0.002287,5.234530e-06,0.195878
100,0.99,4.0,20,1,0.010250,0.001905,3.615629e-06,0.269414
150,0.01,1.0,5,1,11.526855,1.472158,2.158656e+00,0.123569
100,0.99,16.0,15,1,0.009399,0.002412,5.792775e-06,0.206360
100,0.99,8.0,20,1,0.010236,0.002234,4.976435e-06,0.277552
150,0.01,2.0,5,1,45.916159,3.763660,1.410858e+01,0.162183
100,0.99,16.0,20,1,0.009395,0.002429,5.878088e-06,0.286284
100,0.8,16.0,20,1,0.442322,0.193084,3.719051e-02,0.674329
150,0.01,4.0,5,1,15.332701,5.158952,2.662638e+01,0.184872
150,0.01,1.0,10,1,20.819893,3.159816,1.003976e+01,0.300219
150,0.01,8.0,5,1,2.351668,2.848315,8.103398e+00,0.166681
150,0.01,1.0,15,1,22.974993,4.051163,1.634645e+01,0.476259
150,0.01,4.0,10,1,9.464059,6.135617,3.749524e+01,0.412130
150,0.01,16.0,5,1,0.440166,1.387170,1.938701e+00,0.147871
150,0.01,2.0,10,1,60.342249,10.234106,1.045893e+02,0.530706
150,0.01,8.0,10,1,2.124121,2.821451,7.977857e+00,0.349046
150,0.01,1.0,20,1,22.798049,3.906836,1.533546e+01,0.638572
150,0.3,1.0,5,1,3.903511,0.599749,3.582787e-01,0.107046
150,0.01,16.0,10,1,0.490935,1.438655,2.070494e+00,0.319070
150,0.01,4.0,15,1,9.064954,5.618658,3.157970e+01,0.637750
150,0.01,8.0,15,1,2.122469,2.799569,7.856077e+00,0.553926
150,0.3,1.0,10,1,4.827811,0.832904,6.943572e-01,0.217296
150,0.3,2.0,5,1,15.404085,1.596268,2.545417e+00,0.144908
150,0.01,2.0,15,1,56.626693,11.179686,1.252982e+02,0.887881
150,0.3,1.0,15,1,4.823658,0.850099,7.348531e-01,0.333794
150,0.01,16.0,15,1,0.477690,1.427837,2.042303e+00,0.491297
150,0.01,8.0,20,1,1.994701,2.641358,7.072081e+00,0.760649
150,0.01,4.0,20,1,9.582741,6.328499,3.991167e+01,0.868128
150,0.3,4.0,5,1,18.504523,2.839228,8.092512e+00,0.175024
150,0.3,1.0,20,1,4.834887,0.880569,7.851310e-01,0.456260
150,0.3,2.0,10,1,27.198896,3.798117,1.442475e+01,0.416440
150,0.3,8.0,5,1,2.521339,1.908348,3.672838e+00,0.172715
150,0.01,16.0,20,1,0.478275,1.429100,2.045772e+00,0.672100
150,0.01,2.0,20,1,55.196097,10.991306,1.240053e+02,1.212862
150,0.3,16.0,5,1,0.458515,0.923443,8.677499e-01,0.151884
150,0.3,4.0,10,1,11.789253,4.176594,1.742577e+01,0.465706
150,0.3,8.0,10,1,2.067404,1.954562,3.885351e+00,0.366662
150,0.5,1.0,5,1,1.639875,0.237028,5.605969e-02,0.091338
150,0.3,2.0,15,1,28.411543,4.037291,1.631734e+01,0.691240
150,0.3,16.0,10,1,0.471821,0.938465,8.902930e-01,0.328686
150,0.5,1.0,10,1,1.763614,0.287457,8.309692e-02,0.182676
150,0.5,2.0,5,1,5.131609,0.679884,4.605071e-01,0.128635
150,0.3,8.0,15,1,2.252821,1.970406,3.876520e+00,0.582891
150,0.3,4.0,15,1,11.598441,4.345776,1.882261e+01,0.715822
150,0.5,1.0,15,1,1.706333,0.291943,8.583070e-02,0.279633
150,0.3,16.0,15,1,0.425189,0.911576,8.535942e-01,0.516790
150,0.3,2.0,20,1,28.559847,4.700159,2.205206e+01,0.933425
150,0.5,2.0,10,1,7.405448,1.167797,1.367142e+00,0.291381
150,0.5,1.0,20,1,1.744375,0.294550,8.646663e-02,0.384878
150,0.5,4.0,5,1,12.543243,1.303977,1.696800e+00,0.161907
150,0.5,8.0,5,1,3.115704,1.393117,1.945293e+00,0.172904
150,0.3,8.0,20,1,2.139541,2.166438,4.719205e+00,0.795507
150,0.3,4.0,20,1,11.725757,4.740615,2.238421e+01,0.975132
150,0.3,16.0,20,1,0.442825,0.923679,8.703461e-01,0.707809
150,0.5,2.0,15,1,7.605007,1.347846,1.815849e+00,0.445770
150,0.5,16.0,5,1,0.560378,0.704561,4.966073e-01,0.153976
150,0.8,1.0,5,1,0.305307,0.033908,1.147787e-03,0.073500
150,0.5,4.0,10,1,13.323289,2.664492,7.074803e+00,0.474759
150,0.5,8.0,10,1,2.349929,1.638025,2.677023e+00,0.382303
150,0.8,1.0,10,1,0.306486,0.033606,1.131091e-03,0.142839
150,0.5,2.0,20,1,7.527946,1.288024,1.679056e+00,0.602828
150,0.5,16.0,10,1,0.499373,0.669418,4.540046e-01,0.326105
150,0.8,2.0,5,1,0.483353,0.073797,5.427379e-03,0.085236
150,0.8,1.0,15,1,0.303043,0.032944,1.081837e-03,0.220895
150,0.8,2.0,10,1,0.496358,0.078018,6.102901e-03,0.163286
150,0.8,4.0,5,1,1.075366,0.173596,3.001868e-02,0.110238
150,0.5,8.0,15,1,2.262802,1.513640,2.304345e+00,0.588715
150,0.5,4.0,15,1,12.977711,2.522261,6.396295e+00,0.736282
150,0.8,2.0,15,1,0.484833,0.076914,5.918962e-03,0.251382
150,0.8,1.0,20,1,0.303217,0.033334,1.107300e-03,0.309551
150,0.5,16.0,15,1,0.498587,0.671870,4.574186e-01,0.513588
150,0.8,4.0,10,1,1.181997,0.210257,4.406787e-02,0.222895
150,0.8,8.0,5,1,1.906861,0.267042,7.103906e-02,0.149659
150,0.8,2.0,20,1,0.487677,0.077241,5.947819e-03,0.345923
150,0.5,8.0,20,1,2.377155,1.590609,2.521159e+00,0.807239
150,0.8,16.0,5,1,0.742904,0.248465,6.221007e-02,0.161756
150,0.5,16.0,20,1,0.495223,0.663090,4.463507e-01,0.710838
150,0.99,1.0,5,1,0.010125,0.001368,1.865704e-06,0.059360
150,0.5,4.0,20,1,12.838644,2.608338,6.918119e+00,0.993444
150,0.8,4.0,15,1,1.173881,0.215307,4.641085e-02,0.342042
150,0.8,8.0,10,1,2.023025,0.355479,1.259156e-01,0.341712
150,0.99,2.0,5,1,0.010285,0.001475,2.167847e-06,0.061194
150,0.99,1.0,10,1,0.010155,0.001352,1.824606e-06,0.123278
150,0.99,2.0,10,1,0.010305,0.001462,2.133420e-06,0.121738
150,0.99,4.0,5,1,0.010523,0.001617,2.603735e-06,0.061511
150,0.8,4.0,20,1,1.163975,0.208810,4.407106e-02,0.475207
150,0.99,1.0,15,1,0.010141,0.001360,1.845370e-06,0.192338
150,0.8,16.0,10,1,0.686504,0.301194,9.046999e-02,0.349115
150,0.99,8.0,5,1,0.010879,0.001927,3.698221e-06,0.062220
150,0.99,4.0,10,1,0.010587,0.001615,2.605399e-06,0.123723
150,0.99,2.0,15,1,0.010301,0.001464,2.138705e-06,0.191058
150,0.99,1.0,20,1,0.010130,0.001340,1.789602e-06,0.263255
150,0.8,8.0,15,1,2.002661,0.374253,1.396837e-01,0.522128
150,0.99,16.0,5,1,0.010883,0.002274,5.157083e-06,0.065251
150,0.99,8.0,10,1,0.010943,0.001966,3.854971e-06,0.127537
150,0.99,4.0,15,1,0.010599,0.001643,2.695678e-06,0.191561
150,0.99,2.0,20,1,0.010270,0.001421,2.011886e-06,0.263595
150,0.8,16.0,15,1,0.656764,0.272719,7.567340e-02,0.540308
150,0.99,16.0,10,1,0.010874,0.002226,4.944118e-06,0.133337
150,0.99,4.0,20,1,0.010542,0.001552,2.400024e-06,0.267872
150,0.99,8.0,15,1,0.010963,0.001945,3.777168e-06,0.199233
200,0.01,1.0,5,1,12.186549,1.577195,2.478718e+00,0.124327
150,0.8,8.0,20,1,2.002170,0.373965,1.394823e-01,0.715091
150,0.99,16.0,15,1,0.010899,0.002322,5.377575e-06,0.205661
150,0.99,8.0,20,1,0.010921,0.001864,3.462916e-06,0.279235
200,0.01,2.0,5,1,56.104549,4.466210,1.988633e+01,0.165393
150,0.99,16.0,20,1,0.010893,0.002296,5.255472e-06,0.292270
200,0.01,1.0,10,1,24.358385,3.778533,1.434948e+01,0.305978
150,0.8,16.0,20,1,0.699745,0.306051,9.330190e-02,0.738297
200,0.01,4.0,5,1,22.887960,6.540214,4.271559e+01,0.187129
200,0.01,8.0,5,1,3.178015,3.732834,1.392946e+01,0.169850
200,0.01,1.0,15,1,28.098008,4.760517,2.257208e+01,0.483544
200,0.01,4.0,10,1,12.567911,8.219817,6.729549e+01,0.424582
200,0.01,16.0,5,1,0.591297,1.855234,3.466268e+00,0.149193
200,0.01,2.0,10,1,83.661928,13.105566,1.723767e+02,0.546545
200,0.01,8.0,10,1,2.823470,3.729993,1.394930e+01,0.370643
200,0.01,1.0,20,1,27.745014,4.767989,2.334734e+01,0.649352
200,0.3,1.0,5,1,4.043702,0.617708,3.800369e-01,0.105637
200,0.01,16.0,10,1,0.657143,1.924419,3.704005e+00,0.323630
200,0.01,4.0,15,1,11.968316,7.483989,5.612464e+01,0.661188
200,0.01,8.0,15,1,2.840734,3.698244,1.370421e+01,0.576704
200,0.3,1.0,10,1,5.220002,1.005703,1.007760e+00,0.227151
200,0.3,2.0,5,1,17.536415,1.770893,3.129907e+00,0.143783
200,0.01,2.0,15,1,76.091144,15.290463,2.352048e+02,0.940169
200,0.3,1.0,15,1,5.224751,0.973459,9.570586e-01,0.336266
200,0.01,16.0,15,1,0.638907,1.908855,3.649446e+00,0.509900
200,0.01,8.0,20,1,2.651155,3.485409,1.232585e+01,0.784167
200,0.3,4.0,5,1,27.059192,3.468510,1.204331e+01,0.176348
200,0.01,4.0,20,1,12.618593,8.405621,7.037653e+01,0.902752
200,0.3,1.0,20,1,5.270113,1.013160,1.027862e+00,0.464729
200,0.3,2.0,10,1,36.932194,4.651386,2.157682e+01,0.427680
200,0.3,8.0,5,1,3.521806,2.524586,6.426454e+00,0.176987
200,0.01,16.0,20,1,0.639688,1.910551,3.655673e+00,0.701189
200,0.01,2.0,20,1,74.390330,15.638714,2.482816e+02,1.283274
200,0.3,16.0,5,1,0.605438,1.215448,1.507532e+00,0.160259
200,0.3,8.0,10,1,2.742616,2.568233,6.720984e+00,0.381344
200,0.3,4.0,10,1,15.721873,5.613146,3.140300e+01,0.480072
200,0.5,1.0,5,1,1.673182,0.245612,6.014803e-02,0.090634
200,0.3,2.0,15,1,39.574227,5.796514,3.363927e+01,0.739674
200,0.3,16.0,10,1,0.621541,1.233425,1.540863e+00,0.336353
200,0.5,1.0,10,1,1.809716,0.303750,9.232120e-02,0.181408
200,0.3,8.0,15,1,2.996510,2.628244,6.898260e+00,0.592854
200,0.5,2.0,5,1,5.622715,0.737946,5.440054e-01,0.123556
200,0.3,4.0,15,1,15.056871,5.812246,3.372556e+01,0.736306
200,0.5,1.0,15,1,1.751426,0.302515,9.276254e-02,0.277477
200,0.3,16.0,15,1,0.551058,1.193211,1.471196e+00,0.520678
200,0.3,2.0,20,1,39.627678,6.705702,4.517894e+01,0.996396
200,0.5,4.0,5,1,16.781870,1.592173,2.527931e+00,0.166236
200,0.5,1.0,20,1,1.788948,0.301062,9.028267e-02,0.378783
200,0.5,2.0,10,1,9.043297,1.514717,2.288834e+00,0.292768
200,0.3,8.0,20,1,2.847852,2.913408,8.534456e+00,0.813645
200,0.5,8.0,5,1,4.435577,1.842074,3.405329e+00,0.176788
200,0.3,4.0,20,1,15.529798,6.278767,3.930875e+01,1.012870
200,0.3,16.0,20,1,0.591444,1.216486,1.510069e+00,0.713654
200,0.5,2.0,15,1,9.415969,1.758218,3.093100e+00,0.459458
200,0.5,16.0,5,1,0.751520,0.948901,9.011389e-01,0.163569
200,0.8,1.0,5,1,0.307222,0.034553,1.191338e-03,0.074192
200,0.5,4.0,10,1,18.773055,3.552165,1.257178e+01,0.521907
200,0.5,8.0,10,1,3.165339,2.183692,4.749796e+00,0.405325
200,0.8,1.0,10,1,0.308807,0.033189,1.104554e-03,0.152682
200,0.5,2.0,20,1,9.444064,1.653143,2.735213e+00,0.638737
200,0.8,2.0,5,1,0.495506,0.076517,5.835886e-03,0.081123
200,0.5,16.0,10,1,0.677214,0.906398,8.293049e-01,0.353174
200,0.8,1.0,15,1,0.306395,0.034517,1.186769e-03,0.223153
200,0.8,2.0,10,1,0.507653,0.077782,6.039072e-03,0.168057
200,0.8,4.0,5,1,1.184214,0.180894,3.261269e-02,0.109157
200,0.5,8.0,15,1,2.957707,1.940203,3.797314e+00,0.631969
200,0.8,1.0,20,1,0.305978,0.034093,1.157704e-03,0.303690
200,0.8,2.0,15,1,0.497477,0.078777,6.224302e-03,0.253021
200,0.5,4.0,15,1,18.080750,3.531757,1.250165e+01,0.827980
200,0.5,16.0,15,1,0.677006,0.899601,8.171228e-01,0.544329
200,0.8,4.0,10,1,1.364590,0.245523,6.029566e-02,0.230229
200,0.8,8.0,5,1,2.577164,0.330633,1.089184e-01,0.152071
200,0.8,2.0,20,1,0.502131,0.079611,6.316247e-03,0.348748
200,0.5,8.0,20,1,3.061037,2.126648,4.517919e+00,0.854646
200,0.8,16.0,5,1,1.053109,0.322824,1.055974e-01,0.163698
200,0.99,1.0,5,1,0.010164,0.001175,1.375067e-06,0.061534
200,0.5,16.0,20,1,0.665363,0.888921,8.006840e-01,0.735065
200,0.8,4.0,15,1,1.356937,0.246247,6.116414e-02,0.352718
200,0.5,4.0,20,1,17.738051,3.560252,1.297012e+01,1.095571
200,0.99,2.0,5,1,0.010380,0.001295,1.675718e-06,0.059124
200,0.99,1.0,10,1,0.010188,0.001177,1.382778e-06,0.120717
200,0.8,8.0,10,1,2.859313,0.514398,2.635486e-01,0.373275
200,0.8,4.0,20,1,1.360126,0.248403,6.206087e-02,0.472756
200,0.99,1.0,15,1,0.010184,0.001186,1.404632e-06,0.189744
200,0.99,2.0,10,1,0.010399,0.001303,1.699943e-06,0.121799
200,0.99,4.0,5,1,0.010672,0.001398,1.946501e-06,0.059854
200,0.8,16.0,10,1,0.924127,0.392832,1.537601e-01,0.368331
200,0.99,8.0,5,1,0.011235,0.001707,2.902652e-06,0.063310
200,0.99,1.0,20,1,0.010163,0.001154,1.327704e-06,0.267862
200,0.99,2.0,15,1,0.010391,0.001283,1.646720e-06,0.189912
200,0.99,4.0,10,1,0.010746,0.001411,1.993796e-06,0.122718
200,0.99,8.0,10,1,0.011340,0.001756,3.086850e-06,0.126206
200,0.99,16.0,5,1,0.011875,0.002176,4.717750e-06,0.066661
200,0.8,8.0,15,1,2.802675,0.521959,2.750358e-01,0.574034
200,0.99,2.0,20,1,0.010367,0.001251,1.561443e-06,0.264248
200,0.99,4.0,15,1,0.010748,0.001418,2.015691e-06,0.190875
200,0.99,16.0,10,1,0.011907,0.002147,4.593798e-06,0.121138
200,0.99,4.0,20,1,0.010701,0.001346,1.807311e-06,0.231488
200,0.8,16.0,15,1,0.879061,0.375741,1.431956e-01,0.569603
200,0.99,8.0,15,1,0.011336,0.001735,3.013014e-06,0.168284
200,0.99,16.0,15,1,0.011877,0.002233,4.966874e-06,0.138586
200,0.99,8.0,20,1,0.011298,0.001644,2.699820e-06,0.220919
200,0.8,8.0,20,1,2.818499,0.541996,2.945990e-01,0.718743
200,0.99,16.0,20,1,0.011880,0.002133,4.532998e-06,0.200211
200,0.8,16.0,20,1,0.932855,0.404440,1.629266e-01,0.654073
