N,v,beta,T,i0,mean_v,sd_v,mse_v,time_v
50,0.01,1.0,5,1,-8.334900,7.281376,5.290205e+01,0.044558
50,0.01,1.0,15,1,-10.642800,9.651176,9.310519e+01,0.048514
50,0.01,1.0,10,1,-10.520300,9.516892,9.058737e+01,0.049538
50,0.01,1.0,20,1,-10.642800,9.651176,9.310605e+01,0.051398
50,0.01,2.0,5,1,-42.742700,16.582233,2.738707e+02,0.056908
50,0.01,4.0,5,1,-53.145400,29.283453,8.571778e+02,0.063076
50,0.01,4.0,10,1,-51.954700,32.098286,1.030701e+03,0.066190
50,0.01,4.0,15,1,-51.954700,32.101478,1.030994e+03,0.067899
50,0.01,4.0,20,1,-51.954700,32.101478,1.030995e+03,0.069241
50,0.01,2.0,10,1,-52.121300,27.983436,7.800336e+02,0.072139
50,0.01,2.0,15,1,-52.763200,29.760888,8.825949e+02,0.074054
50,0.01,2.0,20,1,-52.753400,29.731539,8.808355e+02,0.077840
50,0.01,8.0,5,1,-50.014300,20.226115,4.082729e+02,0.058352
50,0.01,8.0,10,1,-49.494900,19.723861,3.877003e+02,0.058129
50,0.3,1.0,5,1,-4.459000,3.782162,1.426452e+01,0.038486
50,0.01,8.0,15,1,-49.494900,19.723861,3.877003e+02,0.058757
50,0.01,8.0,20,1,-49.494900,19.723861,3.877003e+02,0.058936
50,0.3,1.0,10,1,-4.851000,4.440343,1.967063e+01,0.038363
50,0.01,16.0,5,1,-48.152300,11.518570,1.328748e+02,0.053610
50,0.3,1.0,15,1,-4.851000,4.440343,1.967220e+01,0.038445
50,0.01,16.0,10,1,-48.152300,11.518570,1.328688e+02,0.054015
50,0.3,1.0,20,1,-4.851000,4.440343,1.967220e+01,0.041095
50,0.01,16.0,15,1,-48.152300,11.518570,1.328688e+02,0.054471
50,0.01,16.0,20,1,-48.152300,11.518570,1.328688e+02,0.059018
50,0.3,2.0,5,1,-23.441600,11.317497,1.287524e+02,0.050888
50,0.3,2.0,10,1,-28.998200,15.494986,2.398619e+02,0.056904
50,0.3,2.0,20,1,-29.199100,15.667334,2.450679e+02,0.058445
50,0.3,2.0,15,1,-29.199100,15.667334,2.450670e+02,0.060475
50,0.3,4.0,5,1,-52.488800,20.610793,4.231168e+02,0.058983
50,0.3,8.0,5,1,-50.528800,19.623450,3.845574e+02,0.058178
50,0.3,4.0,10,1,-54.350800,23.977134,5.736314e+02,0.066361
50,0.3,4.0,15,1,-54.184200,23.921068,5.706280e+02,0.067872
50,0.3,8.0,10,1,-50.107400,19.642647,3.850972e+02,0.060826
50,0.3,8.0,15,1,-50.107400,19.642647,3.850988e+02,0.059192
50,0.3,4.0,20,1,-54.184200,23.921068,5.706278e+02,0.067394
50,0.3,8.0,20,1,-50.107400,19.642647,3.850988e+02,0.060097
50,0.5,1.0,5,1,-2.856700,2.959617,8.724626e+00,0.033525
50,0.3,16.0,5,1,-48.524700,12.948218,1.672355e+02,0.054858
50,0.5,1.0,10,1,-2.930200,3.048035,9.253884e+00,0.034552
50,0.5,1.0,15,1,-2.930200,3.048035,9.253892e+00,0.034747
50,0.5,1.0,20,1,-2.930200,3.048035,9.253892e+00,0.037138
50,0.3,16.0,10,1,-48.529600,12.945372,1.671434e+02,0.054051
50,0.5,2.0,5,1,-13.460300,8.521406,7.233696e+01,0.042289
50,0.3,16.0,15,1,-48.529600,12.945372,1.671434e+02,0.055330
50,0.5,2.0,10,1,-14.886200,9.635728,9.253293e+01,0.044463
50,0.5,2.0,15,1,-14.886200,9.635728,9.253883e+01,0.044852
50,0.3,16.0,20,1,-48.529600,12.945372,1.671434e+02,0.058835
50,0.5,2.0,20,1,-14.886200,9.635728,9.253884e+01,0.046471
50,0.5,4.0,5,1,-44.492000,15.000795,2.260252e+02,0.055907
50,0.5,4.0,10,1,-47.187000,18.093305,3.271469e+02,0.063803
50,0.5,8.0,5,1,-49.632100,16.945748,2.871193e+02,0.057846
50,0.5,4.0,15,1,-47.226200,18.083213,3.268137e+02,0.063758
50,0.5,4.0,20,1,-47.226200,18.083213,3.268136e+02,0.064004
50,0.5,8.0,10,1,-49.490000,18.613694,3.461701e+02,0.060947
50,0.5,16.0,10,1,-48.157200,13.005411,1.693261e+02,0.055511
50,0.5,16.0,5,1,-48.328700,13.002227,1.690277e+02,0.056160
50,0.5,8.0,15,1,-49.490000,18.613694,3.461703e+02,0.060733
50,0.5,16.0,15,1,-48.157200,13.005411,1.693261e+02,0.056393
50,0.5,8.0,20,1,-49.490000,18.613694,3.461703e+02,0.061436
50,0.8,1.0,5,1,-1.406300,1.438848,2.064443e+00,0.029828
50,0.5,16.0,20,1,-48.157200,13.005411,1.693261e+02,0.057313
50,0.8,1.0,10,1,-1.406300,1.438848,2.064513e+00,0.029587
50,0.8,1.0,15,1,-1.406300,1.438848,2.064513e+00,0.030221
50,0.8,1.0,20,1,-1.406300,1.438848,2.064513e+00,0.031129
50,0.8,2.0,5,1,-3.851400,2.827755,8.118160e+00,0.032586
50,0.8,2.0,10,1,-3.846500,2.816313,8.074661e+00,0.033265
50,0.8,2.0,15,1,-3.846500,2.816313,8.074664e+00,0.033543
50,0.8,2.0,20,1,-3.846500,2.816313,8.074664e+00,0.034082
50,0.8,4.0,5,1,-13.950300,6.856803,4.685177e+01,0.037742
50,0.8,4.0,10,1,-14.102200,7.031719,4.929462e+01,0.038427
50,0.8,4.0,15,1,-14.102200,7.031719,4.929466e+01,0.039460
50,0.8,4.0,20,1,-14.102200,7.031719,4.929466e+01,0.039620
50,0.8,8.0,5,1,-33.329800,10.232956,1.056242e+02,0.047835
50,0.99,1.0,5,1,-0.931000,1.040374,1.081624e+00,0.026992
50,0.8,8.0,10,1,-33.957000,10.896725,1.191101e+02,0.046822
50,0.99,1.0,10,1,-0.931000,1.040374,1.081624e+00,0.027193
50,0.99,1.0,15,1,-0.931000,1.040374,1.081624e+00,0.028383
50,0.8,8.0,15,1,-33.957000,10.896725,1.191103e+02,0.048164
50,0.8,8.0,20,1,-33.957000,10.896725,1.191103e+02,0.049088
50,0.99,1.0,20,1,-0.931000,1.040374,1.081624e+00,0.029100
50,0.8,16.0,5,1,-47.363400,12.102450,1.459121e+02,0.051723
50,0.8,16.0,10,1,-47.505500,12.313031,1.510439e+02,0.052411
50,0.8,16.0,15,1,-47.505500,12.313031,1.510439e+02,0.051912
50,0.99,2.0,5,1,-2.023700,1.510768,2.274042e+00,0.028406
50,0.8,16.0,20,1,-47.505500,12.313031,1.510439e+02,0.053045
50,0.99,2.0,10,1,-2.023700,1.510768,2.274042e+00,0.027416
50,0.99,2.0,15,1,-2.023700,1.510768,2.274042e+00,0.028706
50,0.99,2.0,20,1,-2.023700,1.510768,2.274042e+00,0.028852
50,0.99,4.0,5,1,-3.880800,2.098836,4.405331e+00,0.027514
50,0.99,4.0,10,1,-3.880800,2.098836,4.405331e+00,0.027551
50,0.99,4.0,15,1,-3.880800,2.098836,4.405331e+00,0.029286
50,0.99,8.0,5,1,-7.918400,3.093754,9.533468e+00,0.027657
50,0.99,4.0,20,1,-3.880800,2.098836,4.405331e+00,0.030834
50,0.99,8.0,10,1,-7.918400,3.093754,9.533468e+00,0.027970
50,0.99,8.0,15,1,-7.918400,3.093754,9.533468e+00,0.029633
50,0.99,16.0,5,1,-14.263900,3.599039,1.294949e+01,0.028970
50,0.99,8.0,20,1,-7.918400,3.093754,9.533468e+00,0.030571
50,0.99,16.0,10,1,-14.263900,3.599039,1.294949e+01,0.029639
50,0.99,16.0,15,1,-14.263900,3.599039,1.294949e+01,0.030982
50,0.99,16.0,20,1,-14.263900,3.599039,1.294949e+01,0.031238
100,0.01,1.0,5,1,-11.206800,15.435110,2.373578e+02,0.043890
100,0.01,1.0,10,1,-18.552600,23.280251,5.401690e+02,0.049315
100,0.01,1.0,15,1,-19.493100,24.257635,5.865486e+02,0.052086
100,0.01,1.0,20,1,-19.512900,24.235557,5.854494e+02,0.052949
100,0.01,2.0,5,1,-78.774300,40.300034,1.618271e+03,0.059221
100,0.01,4.0,5,1,-100.504800,61.150842,3.752946e+03,0.064750
100,0.01,2.0,10,1,-113.978700,83.525914,6.949628e+03,0.081711
100,0.01,4.0,10,1,-97.455600,71.215448,5.055331e+03,0.069385
100,0.01,4.0,15,1,-97.901100,72.293204,5.207644e+03,0.070057
100,0.01,4.0,20,1,-97.901100,72.293204,5.207642e+03,0.070178
100,0.01,2.0,15,1,-112.206600,89.261068,7.947030e+03,0.089975
100,0.01,8.0,5,1,-102.771900,57.976118,3.359450e+03,0.062656
100,0.01,2.0,20,1,-112.355100,89.576634,8.002459e+03,0.090573
100,0.01,8.0,10,1,-102.950100,66.837736,4.464882e+03,0.061659
100,0.01,8.0,15,1,-102.950100,66.837736,4.464883e+03,0.064944
100,0.01,8.0,20,1,-102.950100,66.837736,4.464883e+03,0.064556
100,0.01,16.0,5,1,-93.644100,15.242628,2.602539e+02,0.057915
100,0.3,1.0,5,1,-5.850900,7.625843,5.815609e+01,0.038215
100,0.01,16.0,10,1,-93.644100,15.242628,2.601138e+02,0.056361
100,0.3,1.0,10,1,-6.702300,8.822102,7.758884e+01,0.039727
100,0.3,1.0,15,1,-6.751800,9.077490,8.214651e+01,0.040152
100,0.3,1.0,20,1,-6.751800,9.077490,8.214618e+01,0.040246
100,0.01,16.0,20,1,-93.644100,15.242628,2.601138e+02,0.058523
100,0.01,16.0,15,1,-93.644100,15.242628,2.601138e+02,0.060126
100,0.3,2.0,5,1,-41.114700,27.327982,7.482881e+02,0.050625
100,0.3,2.0,10,1,-65.528100,47.398444,2.246336e+03,0.064213
100,0.3,2.0,15,1,-67.230900,51.701951,2.669753e+03,0.067442
100,0.3,4.0,5,1,-108.909900,51.881671,2.687980e+03,0.062981
100,0.3,2.0,20,1,-67.270500,51.838006,2.683581e+03,0.070145
100,0.3,8.0,5,1,-98.039700,56.728537,3.210281e+03,0.062412
100,0.3,8.0,10,1,-97.673400,55.858186,3.109687e+03,0.064025
100,0.3,4.0,10,1,-109.672200,75.199744,5.632557e+03,0.075215
100,0.3,4.0,15,1,-109.652400,77.633105,6.003440e+03,0.075034
100,0.3,4.0,20,1,-109.662300,77.631582,6.003235e+03,0.075512
100,0.3,16.0,5,1,-99.693000,39.162847,1.527996e+03,0.056907
100,0.3,8.0,15,1,-97.673400,55.858186,3.109682e+03,0.064111
100,0.3,8.0,20,1,-97.673400,55.858186,3.109682e+03,0.067625
100,0.5,1.0,5,1,-3.257100,4.869924,2.362731e+01,0.035223
100,0.3,16.0,10,1,-99.712800,39.155580,1.527523e+03,0.057465
100,0.5,1.0,10,1,-3.375900,5.211175,2.704846e+01,0.035252
100,0.5,1.0,15,1,-3.375900,5.211175,2.704837e+01,0.035772
100,0.3,16.0,15,1,-99.712800,39.155580,1.527523e+03,0.058710
100,0.5,1.0,20,1,-3.375900,5.211175,2.704837e+01,0.036836
100,0.3,16.0,20,1,-99.712800,39.155580,1.527523e+03,0.060899
100,0.5,2.0,5,1,-19.859400,14.695006,2.159958e+02,0.043743
100,0.5,2.0,10,1,-26.235000,21.077076,4.435308e+02,0.048688
100,0.5,2.0,15,1,-26.442900,21.463397,4.597618e+02,0.050791
100,0.5,2.0,20,1,-26.492400,21.525236,4.624991e+02,0.050353
100,0.5,4.0,5,1,-93.149100,40.370866,1.642894e+03,0.058038
100,0.5,4.0,10,1,-111.563100,62.452894,3.928492e+03,0.073008
100,0.5,4.0,15,1,-112.711500,63.849556,4.113974e+03,0.074216
100,0.5,8.0,5,1,-101.445300,49.258112,2.421031e+03,0.060982
100,0.8,1.0,5,1,-1.465200,2.047340,4.176511e+00,0.029477
100,0.5,8.0,10,1,-100.702800,55.444753,3.061827e+03,0.066327
100,0.5,8.0,15,1,-100.574100,55.492699,3.067144e+03,0.067638
100,0.5,8.0,20,1,-100.574100,55.492699,3.067144e+03,0.067955
100,0.5,16.0,5,1,-94.178700,28.813873,8.523693e+02,0.060403
100,0.5,4.0,20,1,-112.780800,63.889854,4.119972e+03,0.075420
100,0.5,16.0,10,1,-93.515400,28.318696,8.292746e+02,0.059486
100,0.5,16.0,15,1,-93.515400,28.318696,8.292737e+02,0.059124
100,0.5,16.0,20,1,-93.515400,28.318696,8.292737e+02,0.059439
100,0.8,1.0,10,1,-1.465200,2.047340,4.176621e+00,0.030021
100,0.8,1.0,15,1,-1.465200,2.047340,4.176621e+00,0.030392
100,0.8,1.0,20,1,-1.465200,2.047340,4.176621e+00,0.032120
100,0.8,2.0,5,1,-4.395600,5.129287,2.630448e+01,0.032283
100,0.8,2.0,10,1,-4.425300,5.153947,2.657901e+01,0.033015
100,0.8,2.0,15,1,-4.425300,5.153947,2.657907e+01,0.034469
100,0.8,2.0,20,1,-4.425300,5.153947,2.657907e+01,0.035719
100,0.8,4.0,5,1,-19.027800,11.849628,1.406965e+02,0.038665
100,0.8,4.0,10,1,-20.215800,13.149843,1.735024e+02,0.041724
100,0.8,4.0,15,1,-20.225700,13.154201,1.736093e+02,0.041577
100,0.8,4.0,20,1,-20.225700,13.154201,1.736093e+02,0.042551
100,0.8,8.0,5,1,-69.567300,28.040095,7.832208e+02,0.050752
100,0.99,1.0,5,1,-0.891000,1.501147,2.258316e+00,0.026922
100,0.8,8.0,10,1,-74.151000,32.680480,1.063922e+03,0.054580
100,0.99,1.0,10,1,-0.891000,1.501147,2.258316e+00,0.028153
100,0.99,1.0,15,1,-0.891000,1.501147,2.258316e+00,0.028194
100,0.8,8.0,15,1,-74.101500,32.562270,1.056308e+03,0.056130
100,0.8,8.0,20,1,-74.101500,32.562270,1.056308e+03,0.055857
100,0.99,1.0,20,1,-0.891000,1.501147,2.258316e+00,0.029825
100,0.8,16.0,5,1,-100.277100,31.761539,1.005730e+03,0.056401
100,0.8,16.0,10,1,-100.960200,34.753922,1.203933e+03,0.058172
100,0.99,2.0,5,1,-1.960200,2.145902,4.595116e+00,0.026722
100,0.99,2.0,10,1,-1.960200,2.145902,4.595116e+00,0.027387
100,0.8,16.0,15,1,-100.960200,34.753922,1.203937e+03,0.060121
100,0.8,16.0,20,1,-100.960200,34.753922,1.203937e+03,0.061596
100,0.99,2.0,15,1,-1.960200,2.145902,4.595116e+00,0.027910
100,0.99,2.0,20,1,-1.960200,2.145902,4.595116e+00,0.029174
100,0.99,4.0,5,1,-4.257000,3.200596,1.020341e+01,0.026737
100,0.99,4.0,10,1,-4.257000,3.200596,1.020341e+01,0.028432
100,0.99,4.0,15,1,-4.257000,3.200596,1.020341e+01,0.028038
100,0.99,8.0,5,1,-8.345700,4.711683,2.235838e+01,0.027579
100,0.99,4.0,20,1,-4.257000,3.200596,1.020341e+01,0.029620
100,0.99,8.0,10,1,-8.345700,4.711683,2.235838e+01,0.029338
100,0.99,8.0,15,1,-8.345700,4.711683,2.235838e+01,0.029540
100,0.99,16.0,5,1,-18.374400,6.748159,4.537476e+01,0.029252
100,0.99,8.0,20,1,-8.345700,4.711683,2.235838e+01,0.030483
100,0.99,16.0,10,1,-18.374400,6.748159,4.537474e+01,0.030200
100,0.99,16.0,15,1,-18.374400,6.748159,4.537474e+01,0.030512
100,0.99,16.0,20,1,-18.374400,6.748159,4.537474e+01,0.031870
150,0.01,1.0,5,1,-12.873600,16.878067,2.845500e+02,0.044346
150,0.01,1.0,10,1,-23.527100,33.121175,1.093218e+03,0.052251
150,0.01,1.0,15,1,-25.747200,37.682864,1.414823e+03,0.053094
150,0.01,1.0,20,1,-25.866400,37.854864,1.427619e+03,0.055059
150,0.01,2.0,5,1,-110.826200,63.019622,3.972446e+03,0.057880
150,0.01,4.0,5,1,-158.938300,120.581724,1.449705e+04,0.066941
150,0.01,4.0,10,1,-147.510000,143.933739,2.063742e+04,0.073501
150,0.01,4.0,15,1,-147.450400,143.947431,2.064126e+04,0.073969
150,0.01,2.0,10,1,-178.800000,135.324853,1.824038e+04,0.087393
150,0.01,4.0,20,1,-147.450400,143.947431,2.064126e+04,0.075078
150,0.01,8.0,5,1,-155.049400,110.936881,1.228576e+04,0.064308
150,0.01,2.0,15,1,-175.030300,155.848842,2.420260e+04,0.096116
150,0.01,2.0,20,1,-172.199300,158.151865,2.494472e+04,0.098254
150,0.01,8.0,10,1,-152.367400,107.080645,1.143163e+04,0.066885
150,0.01,8.0,15,1,-152.367400,107.080645,1.143163e+04,0.066209
150,0.01,16.0,5,1,-148.329500,69.435585,4.802507e+03,0.058277
150,0.01,8.0,20,1,-152.367400,107.080645,1.143163e+04,0.067100
150,0.3,1.0,5,1,-6.332500,10.819021,1.170034e+02,0.038390
150,0.3,1.0,10,1,-7.673500,13.265986,1.755183e+02,0.039294
150,0.01,16.0,10,1,-148.329500,69.435585,4.802467e+03,0.058980
150,0.3,1.0,15,1,-7.777800,13.424586,1.797400e+02,0.040887
150,0.3,1.0,20,1,-7.777800,13.424586,1.797371e+02,0.041741
150,0.01,16.0,15,1,-148.329500,69.435585,4.802467e+03,0.059216
150,0.01,16.0,20,1,-148.329500,69.435585,4.802467e+03,0.060199
150,0.3,2.0,5,1,-48.842200,39.950265,1.591147e+03,0.050557
150,0.3,2.0,10,1,-93.825300,76.449988,5.822119e+03,0.068410
150,0.3,4.0,5,1,-175.432600,88.252476,7.765547e+03,0.063573
150,0.3,2.0,20,1,-101.215700,85.359810,7.257789e+03,0.074566
150,0.3,2.0,15,1,-101.364700,85.308273,7.248403e+03,0.075666
150,0.3,8.0,5,1,-159.206500,112.405835,1.264227e+04,0.066572
150,0.3,4.0,10,1,-164.406600,133.066987,1.763656e+04,0.081124
150,0.3,8.0,10,1,-153.440200,111.791078,1.246623e+04,0.068869
150,0.3,4.0,15,1,-164.466200,138.375640,1.907603e+04,0.080081
150,0.3,8.0,15,1,-153.440200,111.791078,1.246626e+04,0.067812
150,0.3,8.0,20,1,-153.440200,111.791078,1.246626e+04,0.068681
150,0.3,4.0,20,1,-164.466200,138.632733,1.914718e+04,0.083198
150,0.3,16.0,5,1,-147.301400,66.067932,4.350805e+03,0.061727
150,0.5,1.0,5,1,-4.350800,7.505682,5.722023e+01,0.034013
150,0.3,16.0,10,1,-147.763300,67.896308,4.593018e+03,0.058817
150,0.5,1.0,10,1,-4.499800,7.733279,6.052263e+01,0.035460
150,0.3,16.0,15,1,-147.763300,67.896308,4.593018e+03,0.059709
150,0.5,1.0,15,1,-4.499800,7.733279,6.051560e+01,0.035535
150,0.5,1.0,20,1,-4.499800,7.733279,6.051554e+01,0.037339
150,0.3,16.0,20,1,-147.763300,67.896308,4.593018e+03,0.061315
150,0.5,2.0,5,1,-21.381500,21.219491,4.485321e+02,0.043875
150,0.5,2.0,10,1,-30.351300,30.069484,9.085438e+02,0.049444
150,0.5,2.0,15,1,-31.021800,31.177299,9.783742e+02,0.052325
150,0.5,2.0,20,1,-31.066500,31.278119,9.846068e+02,0.052722
150,0.5,4.0,5,1,-132.386500,67.575730,4.555832e+03,0.057975
150,0.5,4.0,10,1,-168.638200,103.288918,1.062846e+04,0.079688
150,0.5,8.0,5,1,-149.596000,81.796722,6.723302e+03,0.064422
150,0.8,1.0,5,1,-1.802900,2.856607,8.205513e+00,0.029803
150,0.5,8.0,10,1,-144.068100,99.429242,9.886167e+03,0.067870
150,0.5,8.0,15,1,-143.814800,99.442364,9.890965e+03,0.070444
150,0.5,16.0,5,1,-142.607900,59.181919,3.534886e+03,0.060247
150,0.5,8.0,20,1,-143.814800,99.442364,9.890952e+03,0.069660
150,0.5,4.0,15,1,-168.936200,108.630473,1.175435e+04,0.081859
150,0.5,16.0,10,1,-142.369500,60.822995,3.729074e+03,0.060735
150,0.5,4.0,20,1,-169.547100,109.264058,1.189329e+04,0.084705
150,0.8,1.0,10,1,-1.802900,2.856607,8.204600e+00,0.030166
150,0.5,16.0,15,1,-142.369500,60.822995,3.729073e+03,0.060918
150,0.8,1.0,15,1,-1.802900,2.856607,8.204600e+00,0.030498
150,0.5,16.0,20,1,-142.369500,60.822995,3.729073e+03,0.064378
150,0.8,1.0,20,1,-1.802900,2.856607,8.204600e+00,0.031595
150,0.8,2.0,5,1,-4.574300,5.495761,3.018721e+01,0.032498
150,0.8,2.0,10,1,-4.619000,5.554240,3.086462e+01,0.033596
150,0.8,2.0,15,1,-4.619000,5.554240,3.086483e+01,0.033959
150,0.8,2.0,20,1,-4.619000,5.554240,3.086483e+01,0.035299
150,0.8,4.0,5,1,-23.676100,18.314715,3.343209e+02,0.039214
150,0.8,4.0,10,1,-26.864700,21.637737,4.666861e+02,0.041511
150,0.8,4.0,15,1,-26.924300,21.914418,4.787095e+02,0.042708
150,0.8,4.0,20,1,-26.924300,21.914418,4.787093e+02,0.043366
150,0.8,8.0,5,1,-98.936000,43.573542,1.904108e+03,0.052180
150,0.99,1.0,5,1,-0.998300,1.874340,3.499332e+00,0.026709
150,0.99,1.0,10,1,-0.998300,1.874340,3.499332e+00,0.027187
150,0.8,8.0,10,1,-112.018200,50.533158,2.570556e+03,0.060046
150,0.99,1.0,15,1,-0.998300,1.874340,3.499332e+00,0.027911
150,0.8,8.0,15,1,-112.301300,50.910444,2.608108e+03,0.061302
150,0.8,8.0,20,1,-112.301300,50.910444,2.608119e+03,0.061485
150,0.99,1.0,20,1,-0.998300,1.874340,3.499332e+00,0.029861
150,0.8,16.0,5,1,-158.491300,61.894218,3.819273e+03,0.059742
150,0.99,2.0,5,1,-2.086000,2.828810,7.970526e+00,0.026691
150,0.99,2.0,10,1,-2.086000,2.828810,7.970526e+00,0.026875
150,0.8,16.0,15,1,-160.055800,65.977505,4.346300e+03,0.063656
150,0.8,16.0,10,1,-160.040900,65.840930,4.328293e+03,0.065118
150,0.8,16.0,20,1,-160.055800,65.977505,4.346299e+03,0.065802
150,0.99,2.0,15,1,-2.086000,2.828810,7.970526e+00,0.028280
150,0.99,4.0,5,1,-4.097500,4.009586,1.604860e+01,0.027273
150,0.99,2.0,20,1,-2.086000,2.828810,7.970526e+00,0.028596
150,0.99,4.0,10,1,-4.097500,4.009586,1.604860e+01,0.028740
150,0.99,4.0,15,1,-4.097500,4.009586,1.604860e+01,0.029450
150,0.99,8.0,5,1,-8.701600,5.790873,3.358466e+01,0.029156
150,0.99,4.0,20,1,-4.097500,4.009586,1.604860e+01,0.033002
150,0.99,8.0,10,1,-8.701600,5.790873,3.358468e+01,0.030126
150,0.99,8.0,15,1,-8.701600,5.790873,3.358468e+01,0.030937
150,0.99,16.0,5,1,-20.219300,9.091322,8.245621e+01,0.030495
150,0.99,8.0,20,1,-8.701600,5.790873,3.358468e+01,0.031761
150,0.99,16.0,10,1,-20.219300,9.091322,8.245604e+01,0.032496
150,0.99,16.0,15,1,-20.219300,9.091322,8.245604e+01,0.032842
150,0.99,16.0,20,1,-20.219300,9.091322,8.245604e+01,0.033200
200,0.01,1.0,5,1,-13.134000,17.867103,3.183043e+02,0.046791
200,0.01,1.0,10,1,-26.904800,35.215818,1.235505e+03,0.052527
200,0.01,1.0,15,1,-31.262900,44.142087,1.941541e+03,0.056771
200,0.01,1.0,20,1,-33.093700,48.684371,2.365257e+03,0.057833
200,0.01,2.0,5,1,-141.707900,98.293104,9.843247e+03,0.058769
200,0.01,4.0,5,1,-229.447000,200.668422,4.016046e+04,0.067949
200,0.01,4.0,10,1,-225.407300,288.596722,8.363457e+04,0.076394
200,0.01,4.0,15,1,-225.427200,288.657056,8.367679e+04,0.075674
200,0.01,2.0,10,1,-249.167900,207.433452,4.286888e+04,0.089712
200,0.01,4.0,20,1,-225.427200,288.657056,8.367681e+04,0.079025
200,0.01,8.0,5,1,-198.920400,149.206016,2.217534e+04,0.065437
200,0.01,2.0,15,1,-235.377200,229.015787,5.226198e+04,0.100506
200,0.01,8.0,10,1,-193.965300,138.516067,1.913546e+04,0.068544
200,0.01,2.0,20,1,-232.551400,232.622393,5.393504e+04,0.104134
200,0.01,8.0,15,1,-193.965300,138.516067,1.913546e+04,0.067956
200,0.01,16.0,5,1,-205.925200,137.079365,1.876283e+04,0.060476
200,0.01,8.0,20,1,-193.965300,138.516067,1.913546e+04,0.068985
200,0.3,1.0,5,1,-6.208800,12.065810,1.451251e+02,0.038000
200,0.01,16.0,10,1,-205.925200,137.079365,1.876352e+04,0.059751
200,0.3,1.0,10,1,-8.198800,15.538508,2.407658e+02,0.041226
200,0.3,1.0,15,1,-8.278400,15.788388,2.484830e+02,0.040380
200,0.3,1.0,20,1,-8.278400,15.788388,2.484765e+02,0.041495
200,0.01,16.0,15,1,-205.925200,137.079365,1.876352e+04,0.060101
200,0.01,16.0,20,1,-205.925200,137.079365,1.876352e+04,0.064191
200,0.3,2.0,5,1,-55.481200,45.483372,2.065378e+03,0.051940
200,0.3,2.0,10,1,-127.678400,102.755311,1.052043e+04,0.069561
200,0.3,4.0,5,1,-232.193200,125.885936,1.578735e+04,0.063554
200,0.3,2.0,15,1,-141.449200,126.476062,1.593465e+04,0.077150
200,0.3,2.0,20,1,-146.205300,135.600018,1.833574e+04,0.078980
200,0.3,8.0,5,1,-204.830700,152.620387,2.320173e+04,0.066574
200,0.3,4.0,10,1,-211.039500,193.290989,3.725575e+04,0.083149
200,0.3,8.0,10,1,-202.442700,161.073730,2.585227e+04,0.068127
200,0.3,8.0,15,1,-202.442700,161.073730,2.585230e+04,0.068393
200,0.3,4.0,15,1,-210.144000,202.227949,4.075767e+04,0.084503
200,0.3,16.0,5,1,-199.915400,110.909491,1.225223e+04,0.062066
200,0.3,8.0,20,1,-202.442700,161.073730,2.585230e+04,0.070511
200,0.3,4.0,20,1,-209.925100,202.302597,4.078908e+04,0.088724
200,0.5,1.0,5,1,-3.721300,7.691254,5.904971e+01,0.034331
200,0.5,1.0,10,1,-3.980000,8.257631,6.804652e+01,0.034734
200,0.3,16.0,10,1,-199.776100,110.991635,1.227046e+04,0.060936
200,0.3,16.0,15,1,-199.776100,110.991635,1.227046e+04,0.061912
200,0.5,1.0,15,1,-3.980000,8.257631,6.804259e+01,0.036300
200,0.5,1.0,20,1,-3.980000,8.257631,6.804255e+01,0.036356
200,0.3,16.0,20,1,-199.776100,110.991635,1.227046e+04,0.063571
200,0.5,2.0,5,1,-23.581500,26.211895,6.843954e+02,0.043339
200,0.5,2.0,10,1,-39.222900,43.361459,1.872945e+03,0.049516
200,0.5,2.0,15,1,-41.053700,45.613110,2.073129e+03,0.053395
200,0.5,2.0,20,1,-41.571100,46.118276,2.118714e+03,0.053072
200,0.5,4.0,5,1,-168.234600,86.266103,7.421642e+03,0.060168
200,0.5,8.0,5,1,-207.477400,127.461208,1.620449e+04,0.066229
200,0.5,4.0,10,1,-236.969200,167.957622,2.813839e+04,0.084460
200,0.8,1.0,5,1,-1.870600,3.631256,1.324750e+01,0.029295
200,0.5,8.0,10,1,-200.990000,150.574123,2.258275e+04,0.071056
200,0.5,8.0,15,1,-200.572100,150.542445,2.257277e+04,0.071095
200,0.5,16.0,5,1,-203.835700,108.879450,1.182447e+04,0.062547
200,0.5,4.0,15,1,-235.516500,172.681922,2.971954e+04,0.087474
200,0.5,8.0,20,1,-200.572100,150.542445,2.257277e+04,0.072084
200,0.5,16.0,10,1,-200.990000,108.944795,1.182532e+04,0.062775
200,0.5,4.0,20,1,-235.118500,172.492437,2.965094e+04,0.090939
200,0.5,16.0,15,1,-200.990000,108.944795,1.182532e+04,0.065970
200,0.5,16.0,20,1,-200.990000,108.944795,1.182532e+04,0.065233
200,0.8,1.0,10,1,-1.870600,3.631256,1.324627e+01,0.030580
200,0.8,1.0,20,1,-1.870600,3.631256,1.324627e+01,0.031330
200,0.8,1.0,15,1,-1.870600,3.631256,1.324627e+01,0.032349
200,0.8,2.0,5,1,-5.910300,8.342444,7.015128e+01,0.032527
200,0.8,2.0,10,1,-6.009800,8.478476,7.240270e+01,0.033044
200,0.8,2.0,15,1,-6.009800,8.478476,7.240178e+01,0.033786
200,0.8,2.0,20,1,-6.009800,8.478476,7.240178e+01,0.034812
200,0.8,4.0,5,1,-24.536700,22.413224,5.008640e+02,0.039325
200,0.8,4.0,10,1,-29.412200,27.629678,7.607756e+02,0.042303
200,0.8,4.0,15,1,-29.670900,27.763566,7.680016e+02,0.044031
200,0.8,4.0,20,1,-29.670900,27.763566,7.680026e+02,0.044245
200,0.99,1.0,5,1,-1.074600,2.280834,5.184899e+00,0.026822
200,0.8,8.0,5,1,-125.787900,56.471560,3.210898e+03,0.053062
200,0.99,1.0,10,1,-1.074600,2.280834,5.184899e+00,0.027401
200,0.99,1.0,15,1,-1.074600,2.280834,5.184899e+00,0.028391
200,0.8,8.0,10,1,-157.568200,85.363530,7.275097e+03,0.063914
200,0.8,8.0,15,1,-158.961200,88.257194,7.771248e+03,0.066141
200,0.8,16.0,5,1,-216.512000,88.474842,7.811407e+03,0.062290
200,0.8,8.0,20,1,-158.961200,88.249309,7.769936e+03,0.068025
200,0.99,1.0,20,1,-1.074600,2.280834,5.184899e+00,0.029486
200,0.8,16.0,10,1,-217.845300,106.151640,1.127596e+04,0.066298
200,0.99,2.0,5,1,-2.089500,3.349966,1.117770e+01,0.027085
200,0.8,16.0,15,1,-218.502000,107.763414,1.163009e+04,0.067007
200,0.99,2.0,10,1,-2.089500,3.349966,1.117770e+01,0.028329
200,0.8,16.0,20,1,-218.502000,107.763414,1.163009e+04,0.067110
200,0.99,2.0,15,1,-2.089500,3.349966,1.117770e+01,0.028011
200,0.99,4.0,5,1,-4.358100,4.515809,2.031369e+01,0.027440
200,0.99,2.0,20,1,-2.089500,3.349966,1.117770e+01,0.030377
200,0.99,4.0,10,1,-4.358100,4.515809,2.031369e+01,0.028052
200,0.99,4.0,20,1,-4.358100,4.515809,2.031369e+01,0.027428
200,0.99,8.0,5,1,-8.238600,6.133073,3.847098e+01,0.027478
200,0.99,4.0,15,1,-4.358100,4.515809,2.031369e+01,0.029745
200,0.99,8.0,10,1,-8.238600,6.133073,3.847105e+01,0.025895
200,0.99,8.0,15,1,-8.238600,6.133073,3.847105e+01,0.024801
200,0.99,16.0,5,1,-20.357700,10.760557,1.154152e+02,0.024889
200,0.99,8.0,20,1,-8.238600,6.133073,3.847105e+01,0.027142
200,0.99,16.0,10,1,-20.357700,10.760557,1.154156e+02,0.023412
200,0.99,16.0,15,1,-20.357700,10.760557,1.154156e+02,0.023010
200,0.99,16.0,20,1,-20.357700,10.760557,1.154156e+02,0.021799
